xy_1,xy_2,fingerprint_1,fingerprint_2,fingerprint_3,fingerprint_4,fingerprint_5,fingerprint_6,fingerprint_7,fingerprint_8,fingerprint_9,fingerprint_10,fingerprint_11,fingerprint_12,fingerprint_13,fingerprint_14,fingerprint_15,fingerprint_16,fingerprint_17,fingerprint_18,fingerprint_19,fingerprint_20,fingerprint_21,fingerprint_22,fingerprint_23,fingerprint_24,fingerprint_25
0,0,0,0,-80.38125,-68.169014084507,-85.8123953098827,-81.6357723577236,0,0,-92.0570719602978,0,-70.9636075949367,-90.2991304347826,-91.8386411889597,0,0,0,0,0,-97.7959183673469,-97.0294117647059,0,0,0,0,-84.2151394422311
0,2,0,0,-80.8870292887029,-75.2133891213389,-81.165,-73.6388261851016,0,0,-88.708830548926,0,-71.7732426303855,-91.1928571428571,-92.9615384615385,0,0,0,0,0,-97.3125,-90.4950819672131,0,0,0,-100.5,-90.6688102893891
0,4,0,0,-82.541095890411,-76.1632302405498,-75.4933110367893,-76.4215017064846,0,-99.0909090909091,-87.5856873822976,0,-70.9179487179487,-89.6704761904762,-84.9357142857143,0,0,0,0,0,-97.7985074626866,-83.828813559322,0,0,0,0,-83.7775862068966
0,6,0,0,-82.5855072463768,-74.0962025316456,-80.230352303523,-79.2715053763441,0,0,-94.3283582089552,0,-77.0462287104623,-91.5,-92.8266666666667,0,0,0,0,0,-97.2844036697248,-87.0664652567976,0,0,0,0,-87.954954954955
0,8,0,0,-83.1845425867508,-73.2797704447633,-85.8558951965066,-73.5281582952816,0,0,-93.3816425120773,0,-78.739932885906,-90.9038112522686,-87.7933579335793,0,0,0,0,0,0,-95.0448717948718,0,0,0,0,-84.5254515599343
0,10,0,0,-85.4121122599705,-72.7379209370425,-93.4858611825193,-79.5121580547113,0,0,-98.9615384615385,0,-86.5144927536232,-89.083850931677,-90.0865051903114,0,0,0,0,0,0,0,0,0,0,0,-93.1594488188976
0,12,0,0,-86.9117647058823,-74.7879924953096,-92.1232876712329,-74.8446215139442,0,0,-97.7857142857143,0,-81.0778588807786,-84.3690721649484,-91.2109589041096,0,0,0,0,0,0,-96,0,0,0,0,-85.9942307692308
0,14,0,0,-93.735883424408,-77.5923664122137,-95.9441747572816,-80.0032102728732,0,0,-100,0,-86.5555555555556,-91.283422459893,-83.8801843317972,0,0,0,0,0,0,0,0,0,0,0,-90.5636672325976
0,16,0,0,-90.5116822429907,-75.2560175054705,-93.4173553719008,-80.8322440087146,0,0,0,0,-85.6681818181818,-88.2768878718535,-86.7634730538922,0,0,0,0,0,0,0,0,0,0,0,-88.09977827051
0,18,0,0,-96.0585106382979,-73.7342465753425,-91.0477178423236,-78.3125904486252,0,0,0,0,-86.9022900763359,-91.7185501066098,-85.7755681818182,0,0,0,0,0,0,0,0,0,0,0,-93.9249084249084
0,20,0,0,-95.0544041450777,-75.3357452966715,-94.3688118811881,-74.5200573065903,0,0,0,0,-82.1843575418994,-90.8755186721992,-86.7771084337349,0,0,0,0,0,0,0,0,0,0,0,-90.1030110935024
0,22,0,0,-93.7574257425743,-80.6672967863894,-100.428571428571,-66.1442307692308,0,0,0,0,-89.0148619957537,-92.7315010570825,-90.75,0,0,0,0,0,0,0,0,0,0,0,-95.9763779527559
0,24,0,0,-95.540206185567,-80.8717201166181,-97.9722222222222,-68.4688856729378,0,0,0,0,-86.9054982817869,-87.8638426626324,-92.8514851485149,0,0,0,0,0,0,0,0,0,0,0,-94.328125
0,26,0,0,-93.4965517241379,-77.6807610993658,-96.6911764705882,-74.7357293868922,0,0,0,0,-90.1803713527851,-91.0247933884298,-90.3854625550661,0,0,0,0,0,0,0,0,0,0,0,-91.0196078431373
0,28,0,0,-94.4159292035398,-81.7033112582781,0,-72.0726783310902,0,0,0,0,-93.1932773109244,-84.779020979021,-90.0739219712526,0,0,0,0,0,0,0,0,0,0,0,-94.6864406779661
0,30,0,0,-94.3262411347518,-83.9732142857143,-95.5333333333333,-65.5823699421965,0,0,0,0,-94.2652631578947,-83.4170403587444,-90.1109057301294,0,0,0,0,0,0,0,0,0,0,0,-92.0967741935484
0,32,0,0,-96.5416666666667,-81.7513711151737,-98.5,-74.1043643263757,0,0,0,0,-90.9399141630901,-85.4788461538461,-88.5275362318841,0,0,0,0,0,0,0,0,0,0,0,-92.1643564356436
0,34,0,0,-95.7935483870968,-81.1189801699717,0,-74.9419889502762,0,0,-99,0,-90.3371212121212,-86.7838983050847,-91.2131147540984,0,0,0,0,0,0,0,0,0,0,0,-91.1255813953488
0,36,0,0,-95.1855670103093,-84.051724137931,0,-79.2907662082515,0,0,0,0,-92.420253164557,-84.1055555555556,-88.9587912087912,0,0,0,0,0,0,0,0,0,0,0,-95.9694323144105
0,38,0,0,-94.5017543859649,-78.722433460076,-98.7826086956522,-72.212,0,0,0,0,-88.5454545454545,-86.7183544303797,-90.5712309820194,0,0,0,0,0,0,0,0,0,0,0,-95.6292682926829
0,40,0,0,-98.525,-86.0590163934426,0,-72.0793201133145,0,0,0,0,-91.5294117647059,-88.5792452830189,-90.3006644518272,0,0,0,0,0,0,0,0,0,0,0,-96.3813559322034
0,42,0,0,-95.9318181818182,-87.2270916334661,-95.2612612612613,-70.2887189292543,0,0,0,0,-92.1032110091743,-88.8271028037383,-90.3492723492724,0,0,0,0,0,0,0,0,0,0,0,-94.5934579439252
0,44,0,0,-97.125,-84.9318518518518,0,-76.1531034482759,0,0,0,0,-92.7364864864865,-88.1570247933884,-84.2959381044487,0,0,0,0,0,0,0,0,0,0,0,-92.6177777777778
0,46,0,0,-96.78125,-83.8825831702544,0,-73.6036697247706,0,0,0,0,-93.7242524916944,-85.3238095238095,-85.4204545454545,0,0,0,0,0,0,0,0,0,0,0,-97.0176991150443
0,48,0,0,-95.7142857142857,-81.1738578680203,0,-77.0744544287548,0,0,0,0,-93.5570175438596,-80.1193467336683,-91.9475262368816,0,0,0,0,0,0,0,0,0,0,0,-92.6539923954373
0,50,0,0,-97.82,-83.7353896103896,0,-76.7397708674304,0,0,0,0,-93.3454106280193,-79.9247863247863,-92.085201793722,0,0,0,0,0,0,0,0,0,0,0,-94.4356435643564
0,52,0,0,-97.4782608695652,-89.3571428571429,0,-80.3257328990228,0,0,0,0,-93.8342391304348,-84.1352549889135,-88.8377281947262,0,0,0,0,0,0,0,0,0,0,0,-98.1818181818182
0,54,0,0,0,-86.8159645232816,0,-78.7058823529412,0,0,0,0,-92.7100840336134,-86.4511111111111,-87.7506172839506,0,0,0,0,0,0,0,0,0,0,0,0
0,56,0,0,-98.25,-89.4092526690391,0,-71.6949740034662,0,0,0,0,-94.0727272727273,-89.4349442379182,-84.4157894736842,0,0,0,0,0,0,0,0,0,0,0,-97.9463414634146
0,58,0,0,-98.8611111111111,-89.6617954070981,0,-71.3118712273642,0,0,0,0,-98.6461538461539,-82.7453027139875,-86.3170212765957,0,0,0,0,0,0,0,0,0,0,0,-99.6190476190476
0,60,0,0,-98.1081081081081,-85.8571428571429,0,-74.2046070460705,0,0,0,0,-95.537750385208,-78.6162310866575,-87.1165048543689,0,0,0,0,0,0,0,0,0,0,0,-98.9761904761905
0,62,0,0,-99,-85.1853088480801,0,-70.7802197802198,0,0,0,0,-96.0173611111111,-82.4409448818898,-82.8990384615385,0,0,0,0,0,0,0,0,0,0,0,-97.5
0,64,0,0,-101,-87.2184368737475,0,-68.9155206286837,0,0,0,0,-94.2376237623762,-83.6452905811623,-87.2087682672234,0,0,0,0,0,0,0,0,0,0,0,-98.3846153846154
0,66,0,0,-99,-88.7885304659498,0,-74.4823529411765,0,0,0,0,-94.8536585365854,-82.3236797274276,-84.3015332197615,0,0,0,0,0,0,0,0,0,0,0,-99.1754385964912
0,68,0,0,0,-88.5424242424242,0,-72.1905697445973,0,0,0,0,-97.7185929648241,-82.101593625498,-89.0143149284254,0,0,0,0,0,0,0,0,0,0,0,-98
0,70,0,0,0,-89.7150837988827,0,-76.1353179972936,0,0,0,0,-94.96,-79.0942334739803,-83.2332878581173,0,0,0,0,0,0,0,0,0,0,0,-96.5
0,72,0,0,0,-92.7681992337165,0,-76.1994047619048,0,0,0,0,-98.2456140350877,-76.7157584683358,-84.6053571428571,0,0,0,0,0,0,0,0,0,0,0,-99.4285714285714
0,74,0,0,0,-90.0294117647059,0,-83.0941619585687,0,0,0,0,-98,-77.2342007434944,-82.8161764705882,0,0,0,0,0,0,0,0,0,0,0,-97
0,76,0,0,0,-91.5389344262295,0,-83.5859247135843,0,0,0,0,-97.0254237288136,-82.4059405940594,-86.2951127819549,0,0,0,0,0,0,0,0,0,0,0,-100.5
0,78,0,0,0,-90.7284345047923,0,-79.2899082568807,0,0,0,0,-95,-82.6188747731398,-85.2317518248175,0,0,0,0,0,0,0,0,0,0,0,-99.6
0,80,0,0,0,-92.4962406015038,0,-79.3238866396761,0,0,0,0,-94.3805668016194,-79.6625172890733,-80.8540540540541,0,0,0,0,0,0,0,0,0,0,0,0
0,82,0,0,0,-91.5550314465409,0,-81.6971935007385,0,0,0,0,-99.4324324324324,-78.9738372093023,-83.552677029361,0,0,0,0,0,0,0,0,0,0,0,0
0,84,0,0,0,-90.6935483870968,0,-82.7790262172285,0,0,0,0,-100,-81.7661596958175,-83.5009784735812,0,0,0,0,0,0,0,0,0,0,0,0
0,86,0,0,0,-91.3283582089552,0,-79.4612903225807,0,0,0,0,-97.5,-74.0145631067961,-81.8274760383387,0,0,0,0,0,0,0,0,0,0,0,0
0,88,0,0,0,-92.554054054054,0,-81.8137082601054,0,0,0,0,-99,-75.7402135231317,-79.0746812386157,0,0,0,0,0,0,0,0,0,0,0,0
0,90,0,0,0,-95.111620795107,0,-81.3953771289538,0,0,0,0,-98.25,-74.8615196078431,-77.626213592233,0,0,0,0,0,0,0,0,0,0,0,-103.5
0,92,0,0,0,-91.5681341719078,0,-81.4452247191011,0,0,0,0,-96.7294685990338,-76.4739069111424,-81.6087570621469,0,0,0,0,0,0,0,0,0,0,0,0
0,94,0,0,0,-91.6732283464567,0,-82.9591836734694,0,0,0,0,-97.3888888888889,-74.7042513863216,-83.4761029411765,0,0,0,0,0,0,0,0,0,0,0,-96
0,96,0,0,0,-92.5308641975309,0,-82.3021806853583,0,0,0,0,-100.4,-74.1669291338583,-81.122480620155,0,0,0,0,0,0,0,0,0,0,0,0
0,98,0,0,0,-95.5105263157895,0,-87.3542435424354,0,0,0,0,-96.046357615894,-75.538062283737,-77.1566901408451,0,0,0,0,0,0,0,0,0,0,0,0
0,100,0,0,0,-89.8386666666667,0,-79.1116504854369,0,0,0,0,-97.0666666666667,-79.7368421052632,-78.8887417218543,0,0,0,0,0,0,0,0,0,0,0,0
0,102,0,0,0,-91.0516351118761,0,-80.7528830313015,0,0,0,0,-94.479381443299,-66.3594548551959,-70.4786885245902,0,0,0,0,0,0,0,0,0,0,0,-97.6153846153846
0,104,0,0,0,-93.0586419753086,0,-82.0283018867924,0,0,0,0,-98.53125,-78.2495344506518,-80.5985130111524,0,0,0,0,0,0,0,0,0,0,0,0
0,106,0,0,0,-92.0051724137931,0,-85.4899598393574,0,0,0,0,0,-78.6684782608696,-76.321568627451,0,0,0,0,0,0,0,0,0,0,0,-99.5
0,108,0,0,0,-90.9583333333333,0,-84.441265060241,0,0,0,0,-98.25,-73.7251798561151,-76.5544117647059,0,0,0,0,0,0,0,0,0,0,0,0
0,110,0,0,0,-87.5765258215962,0,-84.5776340110906,0,0,0,0,-95.606648199446,-72.5674709562109,-76.0654545454545,0,0,0,0,0,0,0,0,0,0,0,-100.25
0,112,0,0,0,-93.3961218836565,0,-91.1313131313131,0,0,0,0,-97.8333333333333,-72.5054644808743,-74.6601671309192,0,0,0,0,0,0,0,0,0,0,0,0
0,114,0,0,0,-94.066985645933,0,-83.9542961608775,0,0,0,0,-98,-77.4474637681159,-72.5523978685613,0,0,0,0,0,0,0,0,0,0,0,0
0,116,0,0,0,-94.9470588235294,0,-84.937618147448,0,0,0,0,-98.5454545454545,-82.4688,-74.313880126183,0,0,0,0,0,0,0,0,0,0,0,0
0,118,0,0,0,-92.2878787878788,0,-85.6011450381679,0,0,0,0,0,-73.7354948805461,-75.1135225375626,0,0,0,0,0,0,0,0,0,0,0,0
0,120,0,0,0,-93.5797101449275,0,-87.8360655737705,0,0,0,0,-94.9766355140187,-80.1404320987654,-76.0925373134328,0,0,0,0,0,0,0,0,0,0,0,0
2,0,0,0,-82.1326732673267,-71.3610169491525,-85.9117647058823,-75.6528497409326,0,0,-90.5220125786164,0,-70.6872852233677,-91.25,-90.0658914728682,0,0,0,0,0,-95.0963855421687,-92.8795811518325,0,0,0,0,-81.8489871086556
4,0,0,0,-88.4181818181818,-74.327868852459,-84.1136950904393,-79.9908592321755,0,0,-91.6206896551724,0,-70.7859778597786,-94.2489451476793,-94.4621026894866,0,0,0,0,0,-96.8518518518518,-96.031007751938,0,0,0,0,-86.7995951417004
6,0,0,0,-83.8200692041522,-72.8049586776859,-94.788643533123,-79.0846645367412,0,0,-94.0217983651226,0,-76.0049668874172,-95,-92.2494969818914,0,0,0,0,0,-97.4285714285714,-94.976,0,0,0,0,-88.2759226713533
8,0,0,0,-84.933588761175,-74.0823927765237,-89.8376963350785,-73.6844494892168,0,0,-91.9426573426573,0,-79.6020025031289,-93.9613733905579,-89.6727642276423,0,0,0,0,0,-97.1544715447154,-93.189247311828,0,0,0,0,-86.2997572815534
10,0,0,0,-83.088141025641,-73.3887096774194,-89.6384615384615,-86.1509769094139,0,0,-92.99604743083,0,-72.8616852146264,-94.3315789473684,-95.2780898876404,0,0,0,0,0,-97.4691358024691,-94.4759036144578,0,0,0,0,-89.2260397830018
12,0,0,0,-84.187984496124,-76.9982456140351,-88.3255813953488,-88.7648183556405,0,0,-94.4919786096257,0,-76.7668393782383,-96.4064516129032,-96.6597510373444,0,0,0,0,0,0,-95.5027027027027,0,0,0,0,-85.6101083032491
14,0,0,0,-81.6133056133056,-76.330612244898,-87.6145374449339,-83.8812877263582,0,0,-95.7094017094017,0,-79.1771058315335,-94.3991228070175,-97.6057692307692,0,0,0,0,0,-97.0666666666667,-93.4350453172205,0,0,0,0,-84.95337995338
16,0,0,0,-81.3273381294964,-78,-87.0018832391714,-90.8153034300792,0,0,-94.6413793103448,0,-75.8605072463768,-99,-100,0,0,0,0,0,-98.4285714285714,-94.9106628242075,0,0,0,0,-92.2774193548387
18,0,0,0,-81.9480916030534,-77.9056152927121,-89.3736434108527,-84.4211195928753,0,0,-90.905035971223,0,-79.7130325814536,0,-96.2730627306273,0,0,0,0,0,-96.9163346613546,-93.630289532294,0,0,0,0,-90.5679389312977
20,0,0,0,-83.1798679867987,-73.0560747663551,-90.1236162361624,-92.0704225352113,0,0,-92.2976190476191,0,-75.8959349593496,-99.2666666666667,-98.8333333333333,0,0,0,0,0,-93.9666666666667,-94.9526462395543,0,0,0,0,-87.0989399293286
22,0,0,0,-80.8234234234234,-81.2331288343558,-92.3345070422535,-91.1818181818182,0,0,-90.4725274725275,0,-80.0420315236427,0,-98,0,0,0,0,0,-95.6894409937888,-93.2697368421053,0,0,0,0,-90.0227743271221
24,0,0,0,-81.5995670995671,-81.5085106382979,-88.0521541950113,-91.7603550295858,0,0,-92.4732394366197,0,-73.9828326180258,0,-98.9473684210526,0,0,0,0,0,-94.5108695652174,-95.0126582278481,0,0,0,0,-82.1330472103004
26,0,0,0,-76.6003787878788,-80.4870775347913,-91.3954659949622,-93.3110465116279,0,0,-91.3961813842482,0,-76.4926199261993,-96.3655913978495,-97.3478260869565,0,0,0,0,0,-98.4375,-95.2748538011696,0,0,0,0,-82.7471042471042
28,0,0,0,-79.3646209386282,-80.4154929577465,-89.3217391304348,-93.9921875,0,0,-95.3209109730849,0,-74.5782556750299,-97.5,0,0,0,0,0,0,-100.5,-95.2896935933148,0,0,0,0,-88.2380352644836
30,0,0,0,-80.8838709677419,-81.4353518821604,-85.5212947189097,-93.8810289389068,0,0,-89.9887640449438,0,-74.4884868421053,0,-98,0,0,0,0,0,-95.1702127659574,-97.7829457364341,0,0,0,0,-89.3534136546185
32,0,0,0,-78.8320987654321,-78.2826086956522,-88.7867494824017,-91.9018404907975,0,0,-92.778156996587,0,-75.7378277153558,-99.8529411764706,-100,0,0,0,0,0,-97.0833333333333,-93.4663774403471,0,0,0,0,-88.25
34,0,0,0,-80.8717948717949,-78.0521920668058,-84.4369230769231,-93.1854636591479,0,0,-95.4391534391534,0,-79.2395604395604,0,0,0,0,0,0,0,-96.9325842696629,-93.2348484848485,0,0,0,0,-89.2930648769575
36,0,0,0,-74.0077071290944,-78.4962406015038,-90.3333333333333,-92.3092485549133,0,0,-95.8733333333333,0,-80.2097087378641,0,0,0,0,0,0,0,-99.5142857142857,-93.7741935483871,0,0,0,0,-87.7790927021696
38,0,0,0,-74.3621103117506,-79.423645320197,-88.7345132743363,-96.4732620320856,0,0,-94.233995584989,0,-73.7423687423687,0,0,0,0,0,0,0,-97.3870967741936,-91.523141654979,0,0,0,0,-91.7558139534884
40,0,0,0,-81.1160862354892,-82.4776119402985,-88.7638888888889,-94.0847457627119,0,0,-92.4655870445344,0,-73.2748735244519,0,0,0,0,0,0,0,-94.4867924528302,-94.515625,0,0,0,0,-89.0139616055846
42,0,0,0,-79.7333333333333,-88.1959183673469,-85.5627530364372,-96.1954022988506,0,0,-94.6568265682657,0,-77.1996197718631,0,0,0,0,0,0,0,-94.4237288135593,-94.0824742268041,0,0,0,0,-87.9228187919463
44,0,0,0,-74.1659482758621,-83.2737819025522,-86.0125313283208,-95.5906976744186,0,0,-93.5872093023256,0,-79.7377049180328,0,0,0,0,0,0,0,-99.1428571428571,-94.4123711340206,0,0,0,0,-83.3789731051345
46,0,0,0,-79.5711422845691,-83.6256157635468,-82.796875,-89.555,0,0,-94.230179028133,0,-76.5200764818356,0,0,0,0,0,0,0,-96.0266666666667,-95.968,0,0,0,0,-93.1569620253165
48,0,0,0,-77.60450563204,-87.148031496063,-79.2051915945612,-97.1269035532995,0,0,-91.9330922242315,0,-82.3885350318471,0,0,0,0,0,0,0,-97.3888888888889,-90.2313725490196,0,0,0,0,-89.6094420600858
50,0,0,0,-80.0706075533662,-91.2619047619048,-82.7034220532319,-95.9268292682927,0,0,-86.8284518828452,0,-78.3937823834197,0,0,0,0,0,0,0,-95.0955414012739,-94.4607843137255,0,0,0,0,-92.6780821917808
52,0,0,0,-74.511811023622,-91.7068965517241,-77.6293279022403,-96.1443298969072,0,0,-88.0063492063492,0,-75.9512670565302,0,0,0,0,0,0,0,-97.0169491525424,-93.7914438502674,0,0,0,0,-86.4631578947368
54,0,0,0,-78.0568181818182,-87.1733333333333,-76.2824601366743,-96.4871794871795,0,0,-90.4948805460751,0,-80.0519187358916,0,0,0,0,0,0,0,-92.0148148148148,-93.5219123505976,0,0,0,0,-92.602510460251
56,0,0,0,-79.2340425531915,-85.917864476386,-76.019305019305,-96.1666666666667,0,0,-88.9641577060932,0,-82.436,0,0,0,0,0,0,0,-92.3719512195122,-91.066852367688,0,0,0,0,-89.9367681498829
58,0,0,0,-75.1262376237624,-89.4582560296846,-74.9710327455919,-93.7074829931973,0,0,-86.4735202492212,0,-84.5030211480363,0,0,0,0,0,0,0,-92.3535108958838,-90.5924276169265,0,0,0,0,-88.9673590504451
60,0,0,0,-75.4044943820225,-84.2249589490969,-77.8621190130624,-90.515873015873,0,0,-89.741935483871,0,-75.6839694656489,0,0,0,0,0,0,0,-96.5585585585586,-93.13074204947,0,0,0,0,-83.55
62,0,0,0,-77.2962962962963,-86.6488095238095,-72.8659966499162,-93.0684039087948,0,0,-89.3126550868486,0,-80.8860103626943,0,0,0,0,0,0,0,-94.2608695652174,-94.0518518518519,0,0,0,0,-83.9464285714286
64,0,0,0,-79.5905511811024,-85.3955823293173,-74.9408396946565,-94.6227106227106,0,-100,-90.1336515513127,0,-85.513698630137,0,0,0,0,0,0,0,-91.5431654676259,-91.7707317073171,0,0,0,0,-87.6800894854586
66,0,0,0,-80.4395770392749,-88.9305210918114,-80.3212121212121,-99,0,0,-89.5263157894737,0,-85.6935483870968,0,0,0,0,0,0,0,-89.9430894308943,-91.0414312617702,0,0,0,0,-90.6587301587302
68,0,0,0,-83.5897079276773,-87.2780678851175,-76.21101992966,-93.3433333333333,0,0,-86.5619047619048,0,-82.7647058823529,0,0,0,0,0,0,0,-95.9411764705882,-88.688202247191,0,0,0,0,-94.3267326732673
70,0,0,0,-74.6290801186944,-87.6538461538462,-73.5913978494624,-98,0,-100,-87.6410835214447,0,-85.4805194805195,0,0,0,0,0,0,0,-91.7126099706745,-90.4631956912029,0,0,0,-99,-96.030888030888
72,0,0,0,-72.4366197183099,-92.0874035989717,-76.4726962457338,-97.1022727272727,0,-100.5,-82.0139442231076,0,-87.8765690376569,0,0,0,0,0,0,0,-93.0914285714286,-85.5333333333333,0,0,0,-98.0555555555556,-93.811320754717
74,0,-102.5,0,-82.4316037735849,-91.974025974026,-73.8,-95.3015873015873,0,-98.5,-80.6247422680412,0,-87.5594713656388,0,0,0,0,0,0,0,-93.2655172413793,-87.0379146919431,0,0,0,0,-93.6578947368421
76,0,-98.8333333333333,0,-79.4401294498382,-93.5994623655914,-74.9211746522411,-98.89,0,-98.2954545454545,-80.8730158730159,0,-84.4156626506024,0,0,0,0,0,0,0,-92.622418879056,-84.2294736842105,0,0,0,-98.3493975903614,-94.2544378698225
78,0,-98.6276595744681,0,-79.817191283293,-90.3967611336032,-73.1228501228501,-95.0759493670886,0,-95.4197530864197,-77.8162291169451,0,-79.0358422939068,0,0,0,0,0,0,0,-90.2238193018481,-83.2208835341365,0,0,0,-98.3076923076923,-96.9310344827586
80,0,0,0,-78.6360902255639,-90.4615384615385,-73.5679012345679,-99.0666666666667,0,-99.875,-77.0155279503106,0,-84.2678288431062,0,0,0,0,0,0,0,-90.3799283154122,-82.9098360655738,0,0,0,0,-98.1081081081081
82,0,0,0,-82.7207920792079,-94.1005747126437,-75.7589134125637,0,0,-99.6,-80.012,0,-89.0548523206751,0,0,0,0,0,0,0,-87.9932279909707,-86.6996402877698,0,0,0,0,-98.0769230769231
84,0,0,0,-84.86,-94.2850678733032,-75.2443991853361,-100.5,0,0,-78.5386178861789,0,-87.7075268817204,0,0,0,0,0,0,0,-90.031862745098,-91.4052044609665,0,0,0,0,-96.0921985815603
86,0,0,0,-86.103825136612,-91.4448529411765,-72.8489736070381,-99.3157894736842,0,0,-80.8869969040248,0,-90.3074141048825,0,0,0,0,0,0,0,-92.2198852772467,-92.6258503401361,0,0,0,0,-98.2611940298507
88,0,0,0,-86.3029045643154,-95.8365650969529,-76.9834710743802,0,0,0,-82.1607142857143,0,-93.1453396524487,0,0,0,0,0,0,0,-91.6697108066971,-87.6136950904393,0,0,0,0,-97.2122641509434
90,0,0,0,-82.8340943683409,-90.7768817204301,-75.1424148606811,0,0,-96.8316831683168,-78.8667736757624,0,-89.7316666666667,0,0,0,0,0,0,0,-89.447191011236,-80.8814352574103,0,0,0,0,-97.5714285714286
92,0,0,0,-83.8253968253968,-95.1376518218623,-74.0521008403361,0,0,0,-83.6018691588785,0,-90.8863636363636,0,0,0,0,0,0,0,-86.7706237424547,-83.5416666666667,0,0,0,0,-97.6666666666667
94,0,0,0,-82.7445414847162,-96.1271186440678,-68.2669404517454,0,0,-99.5,-83.3362831858407,0,-89.4676258992806,0,0,0,0,0,0,0,-88.4299516908213,-84.1192660550459,0,0,0,0,-96.4339622641509
96,0,0,0,-85.3676222596965,-95.2039215686275,-71.9827338129496,0,0,0,-83.4362416107383,0,-88.120218579235,0,0,0,0,0,0,0,-90.3817330210773,-87.3896321070234,0,0,0,0,-96.260162601626
98,0,0,0,-81.0496894409938,-95.5287081339713,-70.494532199271,-100,0,-99.8,-82.7706310679612,0,-87.9907975460123,0,0,0,0,0,0,0,-89.9615384615385,-82.2173913043478,0,-98,0,0,-98
100,0,0,0,-84.6319018404908,-97.5703703703704,-73.9692307692308,0,0,-99,-80.556765163297,0,-91.204958677686,0,0,0,0,0,0,0,-88.7697715289982,-79.1636363636364,0,0,0,-100,-102
102,0,-99.9807692307692,0,-91.3126491646778,-97.1481481481482,-75.9171075837743,0,0,-98.0915032679739,-74.0196078431373,0,-89.9872068230277,0,0,0,0,0,0,0,-89.5805626598465,-81.3736842105263,0,0,0,0,-99.8421052631579
104,0,-100.5,0,-88.9891500904159,-95.9212598425197,-75.0771756978654,-99.9166666666667,0,-98.5742574257426,-76.7779605263158,0,-90.7936507936508,0,0,0,0,0,0,0,-90.8715415019763,-86.0289575289575,0,0,0,0,-100
106,0,-99.6666666666667,0,-89.7217391304348,-94.7910447761194,-78.9015317286652,0,0,-98.1172413793103,-76.0988235294118,0,-93.7658227848101,0,0,0,0,0,0,0,-89.1051212938005,-81.3660714285714,0,0,0,0,-98.043956043956
108,0,0,0,-88.9383259911894,-97.2988505747126,-74.0159901599016,0,0,-95.7464114832536,-77.3074119076549,0,-92.5160349854227,0,0,0,0,0,0,0,-88.2233285917496,-77.8450363196126,0,0,0,-99.6923076923077,-99.3802816901408
110,0,-98.3333333333333,0,-84.2923076923077,-95.0594594594595,-72.7235023041475,0,0,-97.375,-79.8483333333333,0,-91.5989010989011,0,0,0,0,0,0,0,-84,-80.435736677116,0,0,0,0,-96
112,0,0,0,-88.4484848484849,-96.3904761904762,-78.4,0,0,-99,-73.3061594202899,0,-93.9315589353612,0,0,0,0,0,0,0,-90.3424947145877,-78.3911504424779,0,0,0,0,-98.25
114,0,0,0,-83.4508393285372,-96.5918367346939,-70.1337868480726,0,0,0,-71.9492273730684,0,-90.4765100671141,0,0,0,0,0,0,0,-89.8888888888889,-81.2607655502392,0,0,0,0,-96
116,0,-98.5555555555556,0,-85.2280285035629,-95.9,-82.9361179361179,0,0,-97.1123595505618,-76.8521939953811,0,-94.3117647058824,0,0,0,0,0,0,0,-87.615763546798,-81.9545454545455,0,0,0,0,0
118,0,0,0,-84.7774762550882,-95.0476190476191,-77.9855421686747,0,0,-100,-76.5263788968825,0,-95.0616438356164,0,0,0,0,0,0,0,-89.8209150326797,-85.1470588235294,0,0,0,-98.1428571428571,0
120,0,0,0,-89.5269978401728,-94.7391304347826,-77.8035398230088,0,0,-95.8333333333333,-73.2416666666667,0,-92.9539748953975,0,0,0,0,0,0,0,-86.964,-75.6637478108581,0,0,0,-95,0
122,0,0,0,-87.0171526586621,-97.2673267326733,-79.3531300160514,0,0,-97.6666666666667,-71.8241935483871,0,-92.8909952606635,0,0,0,0,0,0,0,-92.106976744186,-82.2690355329949,0,0,0,0,0
124,0,-98.5,0,-86.8648648648649,-94.8272727272727,-77.7391304347826,0,0,-97,-70.8692699490662,0,-93.3303571428571,0,0,0,0,0,0,0,-83.1245551601424,-75.6067019400353,0,0,0,-95.6666666666667,-98.5
126,0,0,0,-92.3032679738562,-94.5738636363636,-84.9047619047619,0,0,0,-73.5917753259779,0,-95.6064516129032,0,0,0,0,0,0,0,-87.1058315334773,-77.8044164037855,0,0,0,0,-97.4125874125874
128,0,0,0,-93.7241379310345,-97.1315789473684,-83.1469594594595,0,0,0,-74.159169550173,0,-90.7639902676399,0,0,0,0,0,0,0,-91.3964646464647,-75.6788830715532,0,0,0,0,0
130,0,-99.027027027027,0,-95.6678571428571,-98.7678571428571,-84.8661844484629,0,0,-97.3823529411765,-71.266323024055,0,-97.1294117647059,0,0,0,0,0,0,0,-88.0687022900763,-82.0855018587361,0,0,0,-103,0
132,0,0,0,-90.6791666666667,-93.8322147651007,-77.5089141004862,0,0,-98.9069767441861,-72.0366056572379,0,-91.6434540389972,0,0,0,0,0,0,0,-88.2416356877323,-77.1328903654485,0,0,0,0,0
134,0,-99.2428571428571,0,-86.6567164179104,-94.3364055299539,-83.6647173489279,0,0,-98.3448275862069,-72.8475177304964,0,-90.6917148362235,0,0,0,0,0,0,0,-82.5747747747748,-81.5337552742616,0,-99.3555555555556,0,-98.6896551724138,0
136,0,-99.3333333333333,0,-87.6130820399113,-94.5277777777778,-82.98087141339,0,0,-97.4545454545455,-75.1895161290323,0,-91.583932853717,0,0,0,0,0,0,0,-85.0098468271335,-71.8809776833156,0,-101.538461538462,0,-99.9318181818182,0
138,0,-99.9423076923077,0,-85.7738970588235,-94.5548387096774,-77.2615384615385,0,0,-95.0177514792899,-78.6994727592267,0,-91.6781609195402,0,0,0,0,0,0,0,-81.7247191011236,-74.7961672473868,0,-96.2417582417582,0,-98.7391304347826,0
140,0,-96.8119658119658,0,-89.9639830508475,-96.9795918367347,-84.3118908382066,0,0,-96.6393442622951,-66.4750430292599,0,-95.7286821705426,0,0,0,0,0,0,0,-84.5069306930693,-77.7800751879699,0,-99.1818181818182,0,-99,0
142,0,-96.9130434782609,0,-87.2659279778393,-96.765306122449,-86.590618336887,0,0,-95.6919191919192,-69.6552845528455,0,-92.6075949367089,0,0,0,0,0,0,0,-84.5514563106796,-71.4539473684211,0,-97.0923076923077,0,-98.7407407407407,0
144,0,0,0,-88.1662198391421,-98.5,-90.7105263157895,0,0,-95.8351063829787,-78.4867256637168,0,-95.1709844559585,0,0,0,0,0,0,0,-82.0200729927007,-71.8732394366197,0,-98.6666666666667,0,-96.4666666666667,0
146,0,-97.4,0,-92.9218106995885,-97.2946428571429,-82.4678800856531,0,0,-93.3969631236443,-74.2325819672131,0,-94.8669527896996,0,0,0,0,0,0,0,-82.7267818574514,-70.8536585365854,0,-97.7977528089888,0,-97.0615384615385,0
148,0,-96.8795180722892,0,-96.15625,-97.4545454545455,-91.1484375,0,0,-95.0347826086957,-78.7656765676568,0,-95.1136363636364,0,0,0,0,0,0,0,-85.1732776617954,-67.0687397708674,0,-98.3333333333333,0,0,0
150,0,-99,0,-91.8834586466165,-100,-89.1494736842105,0,0,-93.9794721407625,-75.8894557823129,0,-96.3778801843318,0,0,0,0,0,0,0,-86.1891891891892,-70.3170289855072,0,-100,0,-97.6190476190476,0
152,0,-98.5714285714286,0,-95.7841726618705,0,-86.8257080610022,0,0,-96.0648148148148,-76.4180887372014,0,-96.875,0,0,0,0,0,0,0,-88.669776119403,-75.4565972222222,0,0,0,-97.4512195121951,0
154,0,-97.6904761904762,0,-91.0125786163522,0,-88.9235668789809,0,0,-96.4260869565217,-79.0714285714286,0,-96.027972027972,0,0,0,0,0,0,0,-88.1971830985916,-74.9247706422018,0,-98.6164383561644,0,-97.5,0
156,0,-100,0,-93.0258064516129,0,-84.0176795580111,0,0,-96.6339285714286,-76.8565445026178,0,-98.196261682243,0,0,0,0,0,0,0,-88.0092915214866,-78.2978021978022,0,0,0,0,0
158,0,-98.2307692307692,0,-92.7780979827089,-98.0322580645161,-86,0,0,-93.5324675324675,-79.9947735191638,0,-96.4533333333333,0,0,0,0,0,0,0,-89.532,-70.0982286634461,0,-96.3870967741936,0,-100,0
160,0,-97.843137254902,0,-94.3762376237624,-98.3061224489796,-85.5318725099602,0,0,-93.0576496674058,-79.3546617915905,0,-96.9029850746269,0,0,0,0,0,0,0,-91.9646302250804,-70.9940357852883,0,-98.6,0,-96.6455696202532,0
162,0,-96.3724489795918,0,-95.7647058823529,0,-84.9472727272727,0,0,-94.702842377261,-77.8003533568905,0,-96.5753424657534,0,0,0,0,0,0,0,-80.2145328719723,-73.0118845500849,0,-99,0,-95.3793103448276,0
164,0,-95.8905109489051,0,-93.3875,0,-88.3858921161826,0,0,-94.8980392156863,-77.8776290630975,0,-97.9130434782609,0,0,0,0,0,0,0,-83.4260355029586,-72.246679316888,0,-98.3787878787879,0,-99,0
166,0,-94.9178082191781,0,-96.6926605504587,-99.037037037037,-86.9696233292831,0,0,-93.5302197802198,-77.9036544850498,0,-97.6981132075472,0,0,0,0,0,0,0,-82.6144578313253,-69.7711386696731,0,-98.2272727272727,0,-97,0
168,0,-98.1739130434783,0,-95.7066666666667,-99.3333333333333,-87.3185840707965,0,0,-96.6192170818505,-76.7696160267112,0,-98.5666666666667,0,0,0,0,0,0,0,-86.2965931863727,-73.5259515570934,0,-95.7569444444444,0,-98.8235294117647,0
170,0,-94.051948051948,0,-93.7301587301587,0,-87.4790794979079,0,0,-95.75,-77.3616236162362,0,-97.5714285714286,0,0,0,0,0,0,0,-83.8691358024691,-73.816091954023,0,0,0,0,0
172,0,-95.1666666666667,0,-96.7586206896552,-102,-89.7209302325581,0,0,-94.7184115523466,-82.4504347826087,0,-99.1111111111111,0,0,0,0,0,0,0,-80.3629893238434,-72.0649122807017,0,-97.75,0,-101.333333333333,0
174,0,-94.7,0,-97.5227272727273,0,-91.1246612466125,0,0,-93.3870967741936,-83.8162878787879,0,-97,0,0,0,0,0,0,0,-82.0750988142292,-68.012987012987,0,0,0,-98.3333333333333,0
176,0,-98.7777777777778,0,-99.5882352941177,-98.1428571428571,-89.156862745098,0,0,-92.0292792792793,-79.8103070175439,0,-97.5,0,0,0,0,0,0,0,-83.5677777777778,-66.9127071823204,0,0,0,-97.8785046728972,0
178,0,-96.6619718309859,0,-96.6071428571429,0,-91.0084848484849,0,0,-92.4232558139535,-82.9572836801753,0,-96.4345238095238,0,0,0,0,0,0,0,-84.8065395095368,-65.1740976645435,0,-98.6,0,-96.7153846153846,0
180,0,-94.2015209125475,0,-94.6494252873563,0,-85.7333333333333,0,0,-94.9414414414414,-79.4973637961336,0,-97.9,0,0,0,0,0,0,0,-77.2428571428571,-63.9547826086957,0,0,0,-97.7,0
182,0,-96.1973684210526,0,-97,0,-89.2850877192982,0,0,-97.0727272727273,-86.5086956521739,0,0,0,0,0,0,0,0,0,-78.9441117764471,-69.1646341463415,0,0,0,-97.4615384615385,0
184,0,-94.4535519125683,0,-93.4484536082474,0,-89.1880492091388,0,0,-91.2305555555556,-85.0034782608696,0,-98.7,0,0,0,0,0,0,0,-79.087656529517,-59.5677966101695,0,-97.6666666666667,0,-96.2820512820513,0
186,0,-94.7071129707113,0,-98.2121212121212,0,-92.914858096828,0,0,-91.7423312883436,-84.3383584589615,0,-99,0,0,0,0,0,0,0,-80.1864951768489,-69.8308605341246,0,-98.1111111111111,0,-96,0
188,0,-95.0398671096346,0,-94.1814345991561,0,-89.1303724928367,0,0,-92.5575396825397,-82.4830917874396,0,-97,0,0,0,0,0,0,0,-82.2588957055215,-70.7295980511571,0,-97.75,0,-97.1951219512195,0
190,0,-96.453125,0,-100,0,-92.4276985743381,0,0,-92.9201388888889,-87.8731060606061,0,-98.4,0,0,0,0,0,0,0,-73.8985507246377,-73.3292469352014,0,-98.8421052631579,0,-97.3,0
192,0,-95.4383561643836,0,-100,0,-92.4934640522876,0,0,-92.5053003533569,-83.0528375733855,0,-100,0,0,0,0,0,0,0,-75.4103053435115,-70.011811023622,0,-98.5,0,0,0
194,0,-95.7459016393443,0,-98.2857142857143,0,-89.8747591522158,0,0,-94.8304093567251,-87.869109947644,0,-101,0,0,0,0,0,0,0,-77.9438596491228,-68.5953565505804,0,-97,0,-97.2666666666667,0
196,0,-96.1184210526316,0,-99.875,0,-93.0290237467019,0,0,-96.8955223880597,-87.8493353028065,0,-99,0,0,0,0,0,0,0,-79.9110429447853,-76.5716353111433,0,-97.5714285714286,0,-96.4521739130435,0
198,0,-93.21875,0,-95.7241379310345,0,-92.5515055467512,0,0,-94.6775,-91.3565107458913,0,-96.8351648351648,0,0,0,0,0,0,0,-76.3380116959064,-72.4905660377358,0,0,0,-99.9090909090909,0
200,0,-90.1009463722397,0,-99.6666666666667,0,-95.4593908629442,0,0,-92.8515625,-87.4034749034749,0,0,0,0,0,0,0,0,0,-75.8411214953271,-77.54478976234,0,-97.6271186440678,0,-98.1,0
202,0,-91.2955555555556,0,-99,0,-96.7837837837838,0,0,-95.1692307692308,-93.4814814814815,0,0,0,0,0,0,0,0,0,-68.3996175908222,-77.6114398422091,0,0,0,-96.0294117647059,0
204,0,-90.9094488188976,0,-98.88,0,-91.0679611650485,0,0,-95.0130293159609,-91.1335807050093,0,0,0,0,0,0,0,0,0,-71.351081530782,-73.2045826513912,0,-98.5714285714286,0,-96.3684210526316,0
206,0,-87.4069591527988,0,-96.6916666666667,-101,-94.6943765281174,0,0,-94.4166666666667,-92.8391376451078,0,-100.380952380952,0,0,0,0,0,0,0,-72.4069591527988,-76.0533141210375,0,-100.666666666667,0,-98.864406779661,0
208,0,-88.8715012722646,0,-99.2285714285714,0,-92.7844827586207,0,0,-93.1627486437613,-89.6573426573427,0,-99.25,0,0,0,0,0,0,0,-71.718785151856,-72.5891829689298,0,-99.8846153846154,0,-96.343347639485,0
210,0,-91.4979674796748,0,0,0,-96.6115107913669,0,0,-96.1153846153846,-93.7394957983193,0,-99,0,0,0,0,0,0,0,-69.4822934232715,-80.0051194539249,0,-98.2307692307692,0,-95.9035087719298,0
212,0,-86.2364729458918,0,-96,0,-93.7730061349693,0,0,-94.7054263565891,-90.9063231850117,0,0,0,0,0,0,0,0,0,-70.310861423221,-78.3482309124767,0,-98.2222222222222,0,0,0
214,0,-89.8345724907063,0,-98,0,-93.9771428571429,0,0,-93.5299539170507,-91.4599483204134,0,0,0,0,0,0,0,0,0,-68.3382352941177,-80.8070469798658,0,-97.3815789473684,0,-96.5733333333333,0
216,0,-91.1409001956947,0,0,0,-95.1666666666667,0,0,-94.2251308900524,-86.5178571428571,0,0,0,0,0,0,0,0,0,-69.9941348973607,-76.433242506812,0,-95.5202312138728,0,-97.75,0
218,0,-91.0541813898704,0,-97.5121951219512,0,-95.8581818181818,0,0,-95.5231213872832,-89.9720605355064,0,0,0,0,0,0,0,0,0,-76.4534501642935,-79.5105438401776,0,-96.2286821705426,0,-96.7079646017699,0
220,0,-90.0123456790123,0,-98.3333333333333,0,-95.224043715847,0,0,-95.4549180327869,-89.8530534351145,0,0,0,0,0,0,0,0,0,-71.3590604026846,-79.8840336134454,0,-94.4181818181818,0,-94.3501945525292,0
222,0,-85.9171270718232,0,0,0,-97.9,0,0,-94.7756232686981,-89.5560859188544,0,0,0,0,0,0,0,0,0,-66.6118067978533,-82.4304029304029,0,-98.7837837837838,0,-96.2142857142857,0
224,0,-88.4728171334432,0,0,0,-97.7575757575758,0,0,-92.8123324396783,-94.5737704918033,0,0,0,0,0,0,0,0,0,-75.2569659442725,-82.6682389937107,0,-98.2222222222222,0,-95.8009049773756,0
226,0,-85.3968253968254,0,-97.2424242424242,0,-96.6759776536313,0,0,-93.5690909090909,-90.7050147492625,0,0,0,0,0,0,0,0,0,-72.5532212885154,-80.8710562414266,0,-98,0,-96.068085106383,0
228,0,-84.84425349087,0,-99.3333333333333,0,-94.9924812030075,0,0,-90.7019867549669,-92.424588086185,0,0,0,0,0,0,0,0,0,-72.987460815047,-81.0465367965368,0,-97.4444444444444,0,-97.0745341614907,0
230,0,-87.2330097087379,0,-98.5,0,-95.0112994350282,0,0,-90.3462246777164,-93.4166666666667,0,0,0,0,0,0,0,0,0,-73.1263345195729,-76.8623188405797,0,-96.2958579881657,0,-97.2153846153846,0
232,0,-83.8579234972678,0,-99.4166666666667,0,-95.9491525423729,0,0,-89.0140280561122,-93.0940438871473,0,0,0,0,0,0,0,0,0,-71.4795737122558,-82.6764705882353,0,-96.2594594594595,0,-97.8039215686274,0
234,0,-81.8219395866455,0,-98,-99.2,-99.15,0,0,-89.87728026534,-90.7810218978102,0,-98.25,0,0,0,0,0,0,0,-71.7556904400607,-80.2165109034268,0,-95.8212121212121,0,-97.7901234567901,0
236,0,-86.3307692307692,0,0,0,-98.4266666666667,0,0,-92.0286624203822,-92.077037037037,0,0,0,0,0,0,0,0,0,-77.0084745762712,-77.9917808219178,0,-94.3343283582089,0,-97.5441176470588,0
238,0,-88.5409523809524,0,0,0,-97.5877192982456,0,0,-91.481884057971,-92.2375,0,0,0,0,0,0,0,0,0,-68.7817869415808,-84.2184557438795,0,-94.6929133858268,0,-95.8297872340426,0
240,0,-88.3426724137931,0,-100,0,-97.7943262411348,0,0,-93.204128440367,-91.6449438202247,0,-102,0,0,0,0,0,0,0,-70.5642276422764,-84.3283333333333,0,-97.7333333333333,0,-96.4189189189189,0
242,0,-87.385775862069,0,-96,0,-97.4,0,0,-87.6957494407159,-95.3208333333333,0,0,0,0,0,0,0,0,0,-77.5386064030132,-90.2211764705882,0,-94.7173913043478,0,-96.4172661870504,0
244,0,-88.4265486725664,0,0,0,-94.9608695652174,0,0,-87.6054313099041,-94.5982532751092,0,-97.75,0,0,0,0,0,0,0,-69.3217391304348,-85.1523500810373,0,-93.8888888888889,0,-94.7120418848168,0
246,0,-87.8301886792453,0,-96,0,-99.0909090909091,0,0,-86.6750841750842,-93.1475,0,0,0,0,0,0,0,0,0,-67.9553158705701,-85.0499139414802,0,-93.0139664804469,0,-95.3208556149733,0
248,0,-86.9840425531915,0,0,0,-97.2777777777778,0,0,-89.007561436673,-95.0387323943662,0,-101,0,0,0,0,0,0,0,-74.573268921095,-87.2504347826087,0,-94.296442687747,0,-95.4492753623188,0
250,0,-83.7668488160291,0,0,0,-97.2272727272727,0,0,-88.8390557939914,-95.5045871559633,0,-101.666666666667,0,0,0,0,0,0,0,-71.3879598662207,-88.9257142857143,0,-95.1376811594203,0,-95.3946188340807,0
252,0,-85.7043010752688,0,0,0,0,0,0,-87.1885245901639,-94.0263157894737,0,0,0,0,0,0,0,0,0,-66.6992287917738,-81.5220680958386,0,-95.2870813397129,0,-92.3849206349206,0
254,0,-83.7533577533577,0,0,0,-97.3294117647059,0,0,-86.4786845310597,-94.7883597883598,0,0,0,0,0,0,0,0,0,-75.9588100686499,-86.359637774903,0,-90.8117001828154,0,-94.1686507936508,0
256,0,-84.3716129032258,0,-100,0,-96.4492753623188,0,0,-84.7782002534854,-94.9574468085106,0,0,0,0,0,0,0,0,0,-71.7650834403081,-85.86328125,0,-91.0981308411215,0,-94.0412371134021,0
258,0,-85.7165354330709,0,0,0,-97.6111111111111,0,0,-83.6187739463602,-93.4330484330484,0,-101,0,0,0,0,0,0,0,-75.8768656716418,-83.2685370741483,0,-90.7543252595156,0,-94.0074074074074,0
260,0,-75.4843517138599,0,-97.3333333333333,0,-97.6470588235294,0,0,-84.053412462908,-93.7698113207547,0,-100,0,0,0,0,0,0,0,-73.9264264264264,-79.3519882179676,0,-95.3076923076923,0,-93.0521739130435,0
262,0,-82.6288998357964,0,-98,0,-100,0,0,-88.6976320582878,-93.4522900763359,0,0,0,0,0,0,0,0,0,-71.2307692307692,-80.6835443037975,0,-86.2589641434263,0,-92.2433628318584,0
264,0,-76.9266750948167,0,-94.9760765550239,0,-96.8589743589744,0,0,-78.8673469387755,-91.0123076923077,0,0,0,0,0,0,0,0,0,-75.9185463659148,-80.8457516339869,0,-89.4952741020794,0,-92.1181619256018,0
266,0,-78.8186666666667,0,-97.5,0,-98,0,0,-85.9786950732357,-94.6741071428571,0,0,0,0,0,0,0,0,0,-74.9048877146631,-84.8892405063291,0,-87.1071428571429,0,-95.5743243243243,0
268,0,-81.0387205387205,0,0,0,0,0,0,-91.7665094339623,-94.962962962963,0,0,0,0,0,0,0,0,0,-75.087440381558,-85.9302721088435,0,-90.7240143369176,0,-91.2083333333333,0
270,0,-75.2951289398281,0,0,0,-97.1428571428571,0,0,-88.4789272030651,-93.4324324324324,0,0,0,0,0,0,0,0,0,-73.6959654178674,-86.008210180624,0,-90.5310924369748,0,-90.7550561797753,0
272,0,-78.7950310559006,0,-96.8823529411765,0,-96.3448275862069,0,0,-86.3056994818653,-90.3118811881188,0,0,0,0,0,0,0,0,0,-75.2118380062305,-82.9753289473684,0,-84.8566878980892,0,-90.3808664259928,0
274,0,-80.0380281690141,0,0,0,0,0,0,-82.2679083094556,-95.3631284916201,0,0,0,0,0,0,0,0,0,-82.9387186629527,-85.7450704225352,0,-88.8540772532189,0,-91.7218683651805,0
276,0,-73.593707250342,0,0,0,-97.5,0,0,-83.1101928374656,-91.1683501683502,0,0,0,0,0,0,0,0,0,-73.2571428571429,-86.8890909090909,0,-88.5016556291391,0,-90.8457583547558,0
278,0,-73.5327380952381,0,0,0,-97.5,0,0,-88.0501730103806,-92.3275,0,0,0,0,0,0,0,0,0,-74.8156342182891,-86.1878088962109,0,-86.0180505415162,0,-91.4121863799283,0
280,0,-77.6048714479026,0,0,0,-96.3157894736842,0,0,-78.0452674897119,-89.7165532879819,0,0,0,0,0,0,0,0,0,-77.4805013927577,-80.1602209944751,0,-86.2611570247934,0,-91.5538461538462,0
282,0,-72.7825443786982,0,0,0,-99,0,0,-83.5725677830941,-94.5574712643678,0,0,0,0,0,0,0,0,0,-78.4893939393939,-89.5990099009901,0,-90.2046263345196,0,-90.2029795158287,0
284,0,-73.8888888888889,0,0,0,-98.5714285714286,0,0,-79.8,-95.5056179775281,0,0,0,0,0,0,0,0,0,-71.8035190615836,-86.6780487804878,0,-86.1669266770671,0,-89.8954703832753,0
286,0,-77.7869080779944,0,-102,0,-97.2857142857143,0,0,-78.15625,-95.6654676258993,0,0,0,0,0,0,0,0,0,-74.6877637130802,-89.5971786833856,0,-89.0791245791246,0,-90.2229885057471,0
288,0,-78.2618083670715,0,0,0,-98.6666666666667,0,0,-75.1517615176152,-93.5273775216138,0,-98,0,0,0,0,0,0,0,-75.241847826087,-87.0788253477589,0,-85.2654028436019,0,-89.5149384885764,0
290,0,-72.5438829787234,0,0,0,-97.6666666666667,0,0,-79.5534759358289,-94.3150105708245,0,-96,0,0,0,0,0,0,0,-74.6222826086957,-87.3771186440678,0,-89.7203513909224,0,-89.959595959596,0
292,0,-75.5379644588045,0,0,0,-97.5833333333333,0,0,-83.4941176470588,-94.8317757009346,0,0,0,0,0,0,0,0,0,-79.2168067226891,-92.2593457943925,0,-91.9546742209632,0,-92.9193548387097,0
294,0,-77.20367278798,0,0,0,-102,0,0,-85.2356902356902,-96.9268292682927,0,0,0,0,0,0,0,0,0,-79.6633825944171,-90.9848024316109,0,-88.817094017094,0,-89.7229965156794,0
296,0,-76.6557142857143,0,0,0,0,0,0,-79.6754772393539,-96.4795321637427,0,0,0,0,0,0,0,0,0,-83.9355322338831,-86.7180616740088,0,-87.7442748091603,0,-91.0574074074074,0
298,0,-81.3960674157303,0,0,0,-97,0,0,-86.3512820512821,-97.6944444444444,0,0,0,0,0,0,0,0,0,-81.5749385749386,-89.4672,0,-90.974358974359,0,-91.3024475524475,0
300,0,-74.7954256670902,0,0,0,-97.6769230769231,0,0,-78.0269922879177,-96.6857142857143,0,0,0,0,0,0,0,0,0,-80.9801324503311,-90.6196013289037,0,-88.0947867298578,0,-88.0597014925373,0
302,0,-80.809980806142,0,-99,0,-96.271186440678,0,0,-75.2342007434944,-96.5833333333333,0,0,0,0,0,0,0,0,0,-76.466796875,-90.0470588235294,0,-85.4122287968442,0,-89.3121693121693,0
304,0,-76.2967032967033,0,0,0,-98.3333333333333,0,0,-77.0339622641509,-95.65625,0,0,0,0,0,0,0,0,0,-76.6775362318841,-87.5342857142857,0,-86.4152542372881,0,-89.1714922048998,0
306,0,-72.5588235294118,0,-101,0,0,0,0,-77.8687315634218,-96.1746031746032,0,0,0,0,0,0,0,0,0,-79.8025889967638,-88.4004024144869,0,-85.2480739599384,0,-86.5948795180723,0
308,0,-80.9324796274738,0,-98.0625,0,-101,0,0,-75.2150900900901,-94.6900584795322,0,0,0,0,0,0,0,0,0,-79.6837209302326,-90.0453648915187,0,-85.241975308642,0,-85.9505178365938,0
310,0,-81.140350877193,0,0,0,0,0,0,-76.205223880597,-94.5189873417721,0,0,0,0,0,0,0,0,0,-84.1352405721717,-88.4745762711864,0,-81.3784135240572,0,-88.7749029754204,0
312,0,-76.6248196248196,0,-99,0,0,0,0,-83.2624633431085,-95.0915492957746,0,0,0,0,0,0,0,0,0,-81.7587209302326,-90.3333333333333,0,-85.6909667194929,0,-90.1593625498008,0
314,0,-77.6744868035191,0,0,0,0,0,0,-78.5832037325039,-96.7214285714286,0,0,0,0,0,0,0,0,0,-84.0179104477612,-88.7601809954751,0,-85.1320754716981,0,-88.819391634981,0
316,0,-76.2021276595745,0,0,0,0,0,0,-75.5277449822904,-93.0070921985816,0,0,0,0,0,0,0,0,0,-87.1030303030303,-88.6767485822306,0,-85.3871359223301,0,-87.6812609457093,0
318,0,-79.2896725440806,0,0,0,0,0,0,-75.7148288973384,-95.5714285714286,0,0,0,0,0,0,0,0,0,-88.7703349282297,-94.8456790123457,0,-86.1986577181208,0,-92.5344827586207,0
320,0,-82.7740825688073,0,0,0,0,0,0,-78.4694610778443,-97.25,0,0,0,0,0,0,0,0,0,-84.3,-93.1309328968903,0,-80.2890442890443,0,-92.5647969052224,0
322,0,-79.8333333333333,0,0,0,0,0,0,-79.7454819277108,-97.8,0,0,0,0,0,0,0,0,0,-83.0377073906486,-92.6666666666667,0,-81.9292307692308,0,-92.0478873239437,0
324,0,-86.5036603221083,0,0,0,-96.5,0,0,-71.334788937409,-98.1052631578947,0,0,0,0,0,0,0,0,0,-92.6506849315068,-95.1870967741935,0,-87,0,-90.0585106382979,0
326,0,-83.1954314720812,0,-97,0,0,0,0,-69.1644171779141,-96.9787234042553,0,0,0,0,0,0,0,0,0,-89.2002840909091,-85.8728323699422,0,-84.2176781002639,0,-86.2658402203857,0
328,0,-89.0525394045534,0,0,0,-101,0,0,-71.9988009592326,-97.25,0,0,0,0,0,0,0,0,0,-87.8676236044657,-94.0441176470588,0,-78.0096385542169,0,-84.86701208981,0
330,0,-85.5446927374302,0,0,0,0,0,0,-68.4766009852217,-97.4571428571429,0,0,0,0,0,0,0,0,0,-88.3064295485636,-95.078431372549,0,-78.7754077791719,0,-81.8030303030303,0
332,0,-85.3888888888889,0,0,0,-98,0,0,-72.8399366085578,-94.8449612403101,0,0,0,0,0,0,0,0,0,-86.7029702970297,-88.9798994974874,0,-75.448,0,-82.098615916955,0
334,0,-85.9956584659913,0,0,0,0,0,0,-73.9562764456982,-96.6666666666667,0,0,0,0,0,0,0,0,0,-89.5524372230428,-90.1101321585903,0,-77.7303206997085,0,-85.5086614173228,0
336,0,-85.9840637450199,0,0,0,-98,0,0,-77.7895424836601,-95.7230769230769,0,0,0,0,0,0,0,0,0,-86.6531468531469,-89.8072519083969,0,-76.866323907455,0,-81.7698412698413,0
338,0,-87.7457404980341,0,0,0,-96,0,0,-71.6634615384615,-93.6976744186046,0,0,0,0,0,0,0,0,0,-88.9167803547067,-92.6486486486486,0,-78.5322966507177,0,-77.7114427860697,0
340,0,-88.0449871465296,0,0,0,0,0,0,-73.459872611465,-98,0,0,0,0,0,0,0,0,0,-88.4948024948025,-90.6517094017094,0,-76.2736572890026,0,-77.1217391304348,0
342,0,-91.3024282560706,0,0,0,0,0,0,-74.9250814332248,-97.1607142857143,0,0,0,0,0,0,0,0,0,-88.8451612903226,-91.5067264573991,0,-73.5925324675325,0,-78.5403087478559,0
344,0,-90.8874269005848,0,0,0,0,0,0,-74.0643431635389,-97.5957446808511,0,0,0,0,0,0,0,0,0,-92.1915789473684,-95.25,0,-74.796,0,-85.4811320754717,0
346,0,-88.1388499298738,0,-98,0,0,0,0,-78.3155080213904,-97.2,0,0,0,0,0,0,0,0,0,-90.3653250773994,-91.2158273381295,0,-75.6060606060606,0,-88.0963302752294,0
348,0,-88.281990521327,0,-97,0,0,0,0,-78.1486175115207,-97.0869565217391,0,0,0,0,0,0,0,0,0,-91.4746543778802,-93.7495462794918,0,-76.0588914549654,0,-79.0275119617225,0
350,0,-95.5065502183406,0,0,0,0,0,0,-75.5170603674541,0,0,0,0,0,0,0,0,0,0,-90.3710801393728,-96.5818181818182,0,-75.6213093709884,0,-78.7674418604651,0
352,0,-94.0280701754386,0,0,0,0,0,0,-77.660409556314,-95,0,0,0,0,0,0,0,0,0,-93.3707482993197,-95.1802325581395,0,-78.4412265758092,0,-78.7244367417678,0
354,0,-93.0855365474339,0,0,0,0,0,0,-83.8686730506156,-95.5,0,0,0,0,0,0,0,0,0,-94.3536299765808,-93.725,0,-73.8601583113456,0,-80.1607142857143,0
356,0,-90.9387096774194,0,0,0,0,0,0,-81.3711201079622,-98.9,0,0,0,0,0,0,0,0,0,-88.9874826147427,-91.7660455486542,0,-72.2601078167116,0,-78.0869565217391,0
358,0,-95.7932489451477,0,0,0,0,0,0,-76.6167597765363,-98,0,0,0,0,0,0,0,0,0,-88.840206185567,-93.247641509434,0,-75.9094972067039,0,-75.3303167420815,0
360,0,-90.1791530944625,0,0,0,0,0,0,-73.7667121418827,-96.6363636363636,0,0,0,0,0,0,0,0,0,-88.6995708154506,-94.4153225806452,0,-71.9223560910308,0,-76.0592193808883,0
362,0,-91.2882882882883,0,0,0,0,0,0,-80.1774193548387,-98.4444444444444,0,0,0,0,0,0,0,0,0,-89.2550607287449,-95.1862745098039,0,-74.8240418118467,0,-79.4419475655431,0
364,0,-92.094867807154,0,0,0,0,0,0,-80.6224489795918,-97,0,0,0,0,0,0,0,0,0,-88.7001499250375,-92.9652173913043,0,-77.2820181112549,0,-81.175,0
366,0,-91.4561403508772,0,0,0,0,0,0,-76.5285326086957,-96,0,0,0,0,0,0,0,0,0,-88.1080669710807,-95.5573770491803,0,-70.8832214765101,0,-82.2388268156425,0
368,0,-92.5202492211838,0,0,0,0,0,0,-81.3251859723698,0,0,0,0,0,0,0,0,0,0,-92.2377049180328,-95.5740740740741,0,-76.5995717344754,0,-80.3562841530055,0
370,0,-94.4597574421169,0,0,0,0,0,0,-83.8721541155867,0,0,0,0,0,0,0,0,0,0,-93.0797366495977,-95.4848084544254,0,-68.3459090909091,0,-74.825171624714,0
372,0,-93.9526184538653,0,0,0,0,0,0,-81.5548841893253,0,0,0,0,0,0,0,0,0,0,-91.2653631284916,-93.9326923076923,0,-73.0753701211305,0,-85.756880733945,0
374,0,-92.7010178117048,0,0,0,0,0,0,-81.9738878143133,-94,0,0,0,0,0,0,0,0,0,-93.1952941176471,-92.5187424425635,0,-74.2780898876404,0,-83.4824561403509,0
376,0,-94.8929577464789,0,0,0,0,0,0,-91.9644760213144,-98,0,0,0,0,0,0,0,0,0,-90.7550158394931,-93.900479616307,0,-66.6043444530644,0,-76.5858352578907,0
378,0,-96.1014492753623,0,0,0,0,0,0,-87.0152949745084,-99.5,0,0,0,0,0,0,0,0,0,-95.7603305785124,-97.551948051948,0,-66.8233264320221,0,-77.9134349030471,0
380,0,-96.0040650406504,0,0,0,0,0,0,-85.9243816254417,-99,0,0,0,0,0,0,0,0,0,-94.3138686131387,-97.5579710144928,0,-60.5522184300341,0,-84.5385790679908,0
382,0,-97.048,0,0,0,0,0,0,-82.4029126213592,0,0,0,0,0,0,0,0,0,0,-91.1564245810056,-95.3141592920354,0,-65.422126745435,0,-72.6377118644068,0
384,0,-92.2834331337325,0,0,0,0,0,0,-88.0741350906096,0,0,0,0,0,0,0,0,0,0,-89.425431711146,-95.1363636363636,0,-60.9397959183673,0,-76.5031315240084,0
386,0,-94.031887755102,0,0,0,0,0,0,-82.7267924528302,-100,0,0,0,0,0,0,0,0,0,-86.4239482200647,-95.3779527559055,0,-66.1060606060606,0,-76.0382882882883,0
388,0,-93.7632696390658,0,0,0,0,0,0,-82.3402909550917,-98,0,0,0,0,0,0,0,0,0,-89.911369740376,-96.0690909090909,0,-65.7938650306749,0,-75.6487163431434,0
390,0,-95.9187192118227,0,0,0,0,0,0,-89.6368477103301,0,0,0,0,0,0,0,0,0,0,-91.8451025056948,-94.8684210526316,0,-68.5372822299652,0,-73.5024875621891,0
392,0,-93.858123569794,0,0,0,0,0,0,-82.6967095851216,-97.75,0,0,0,0,0,0,0,0,0,-89.9711711711712,-93.1481481481482,0,-65.9783913565426,0,-73.4869358669834,0
394,0,-94.620253164557,0,0,0,0,0,0,-84.7574712643678,-98.25,0,0,0,0,0,0,0,0,0,-89.8984238178634,-93.3527054108216,0,-66.7619047619048,0,-69.7412823397075,0
396,0,-95.8200692041522,0,0,0,0,0,0,-91.8937246963563,-97.5,0,0,0,0,0,0,0,0,0,-93.7882136279926,-94.3364485981308,0,-60.4103448275862,0,-67.1277683134583,0
398,0,-93.0239520958084,0,0,0,0,0,0,-88.9551430781129,-97,0,0,0,0,0,0,0,0,0,-90.0214460784314,-93.7437557816836,0,-69.7529880478088,0,-71.2315022421525,0
400,0,-96.9428571428571,0,0,0,0,0,0,-90.6998841251448,-98.8,0,0,0,0,0,0,0,0,0,-91.1080168776371,-94.1818181818182,0,-66.784217877095,0,-66.9151817533856,0
402,0,-95.2571428571429,0,0,0,0,0,0,-89.6048,-100.166666666667,0,0,0,0,0,0,0,0,0,-92.4848484848485,-90.7228915662651,0,-75.3568677792041,0,-73.2853503184713,0
404,0,-98.4782608695652,0,0,0,0,0,0,-88.0358974358974,-98.7894736842105,0,0,0,0,0,0,0,0,0,-93.6790352504638,-94.187643020595,0,-78.4002447980416,0,-70.886815920398,0
406,0,-96.4040404040404,0,0,0,0,0,0,-86.770901194354,0,0,0,0,0,0,0,0,0,0,-91.8975109809663,-93.6629213483146,0,-78.2139659803044,0,-69.433007985803,0
408,0,-94.4794520547945,0,0,0,0,0,0,-87.6131664853101,-99.3571428571429,0,0,0,0,0,0,0,0,0,-90.8812199036918,-92.0183266932271,0,-78.8336798336798,0,-69.0159547092126,0
410,0,-96.0223880597015,0,0,0,0,0,0,-88.3468715697036,-98.6538461538462,0,0,0,0,0,0,0,0,0,-92.1188811188811,-92.9900568181818,0,-75.8044733044733,0,-65.202166064982,0
412,0,-96.1815068493151,0,0,0,0,0,0,-88.7488789237668,-97.6144578313253,0,0,0,0,0,0,0,0,0,-95.0266272189349,-91.5676767676768,0,-73.0613409415121,0,-69.6062322946176,0
414,0,-96.3636363636364,0,0,0,0,0,0,-89.1147776183644,-101,0,0,0,0,0,0,0,0,0,-94.1028708133971,-90.6138613861386,0,-74.7749326145553,0,-68.4457994579946,0
416,0,-96.7478991596639,0,0,0,0,0,0,-89.7505720823799,-98.7272727272727,0,0,0,0,0,0,0,0,0,-92.4626436781609,-93.8421052631579,0,-75.9846153846154,0,-64.864312267658,0
418,0,-96.4787644787645,0,0,0,0,0,0,-87.2018756169793,-98.6666666666667,0,0,0,0,0,0,0,0,0,-90.1353233830846,-94.1244979919679,0,-74.3625,0,-66.3995249406176,0
420,0,-95.7871621621622,0,0,0,0,0,0,-87.6200941915228,-100.5,0,0,0,0,0,0,0,0,0,-93.2598225602028,-92.3196347031963,0,-75.4479400749064,0,-73.509130752374,0
422,0,-97.8333333333333,0,0,0,0,0,0,-88.4773869346734,0,0,0,0,0,0,0,0,0,0,-94.625,-94.5241379310345,0,-79.0016891891892,0,-74.4102564102564,0
424,0,-94.8518518518518,0,0,0,0,0,0,-87.9983974358974,-97.03125,0,0,0,0,0,0,0,0,0,-88.4415322580645,-91.9304029304029,0,-75.0541795665635,0,-70.622848200313,0
426,0,0,0,0,0,0,0,0,-91.2440570522979,0,0,0,0,0,0,0,0,0,0,-93.1546052631579,-90.1325301204819,0,-78.9708121827411,0,-67.7322335025381,0
428,0,-97.9242424242424,0,0,0,0,0,0,-90.5475841874085,0,0,0,0,0,0,0,0,0,0,-90.9256373937677,-91.9856661045531,0,-75.7526269702277,0,-66.2018388791594,0
430,0,-95.6030534351145,0,0,0,0,0,0,-90.2698158526821,-98,0,0,0,0,0,0,0,0,0,-91.684554973822,-93.7077409162717,0,-82.1530014641288,0,-75.4583031182016,0
