objloc,rss,time,beacon
404000,-82,1451721328595,24
404000,-90,1451721328633,8
404000,-77,1451721328660,22
404000,-88,1451721328664,19
404000,-94,1451721328735,20
404000,-98,1451721328740,9
404000,-87,1451721328757,8
404000,-75,1451721328761,22
404000,-90,1451721328764,19
404000,-89,1451721328849,8
404000,-76,1451721328908,24
404000,-93,1451721328938,20
404000,-91,1451721328969,8
404000,-79,1451721328975,22
404000,-95,1451721328978,19
404000,-74,1451721329016,24
404000,-91,1451721329042,20
404000,-89,1451721329071,8
404000,-98,1451721329075,1
404000,-76,1451721329080,22
404000,-74,1451721329115,24
404000,-93,1451721329149,20
404000,-92,1451721329171,8
404000,-78,1451721329186,22
404000,-77,1451721329239,24
404000,-93,1451721329271,20
404000,-93,1451721329275,8
404000,-80,1451721329292,22
404000,-75,1451721329337,24
404000,-98,1451721329369,8
404000,-83,1451721329386,22
404000,-74,1451721329429,24
404000,-94,1451721329462,20
404000,-93,1451721329492,8
404000,-78,1451721329495,22
404000,-73,1451721329557,24
404000,-94,1451721329586,20
404000,-81,1451721329605,22
404000,-97,1451721329609,19
404000,-99,1451721329681,9
404000,-78,1451721329705,22
404000,-68,1451721329741,24
404000,-94,1451721329776,8
404000,-77,1451721329805,22
404000,-93,1451721329821,19
404000,-69,1451721329849,24
404000,-95,1451721329889,8
404000,-78,1451721329908,22
404000,-69,1451721329951,24
404000,-77,1451721330018,22
404000,-68,1451721330061,24
404000,-77,1451721330123,22
404000,-94,1451721330190,20
404000,-92,1451721330208,8
404000,-76,1451721330239,22
404000,-69,1451721330269,24
404000,-96,1451721330297,20
404000,-92,1451721330323,8
404000,-76,1451721330340,22
404000,-98,1451721330399,20
404000,-90,1451721330403,8
404000,-76,1451721330442,22
404000,-69,1451721330486,24
404000,-91,1451721330509,8
404000,-77,1451721330549,22
404000,-98,1451721330577,19
404000,-68,1451721330608,24
404000,-91,1451721330612,8
404000,-73,1451721330653,22
404000,-89,1451721330708,8
404000,-95,1451721330724,20
404000,-93,1451721330823,20
404000,-99,1451721330861,19
404000,-78,1451721330867,22
404000,-69,1451721330901,24
404000,-90,1451721330928,8
404000,-78,1451721330964,22
404000,-96,1451721330992,19
404000,-69,1451721331010,24
404000,-90,1451721331027,8
404000,-96,1451721331032,20
404000,-77,1451721331068,22
404000,-96,1451721331072,19
404000,-67,1451721331111,24
404000,-92,1451721331126,8
404000,-93,1451721331143,20
404000,-76,1451721331193,22
404000,-72,1451721331212,24
404000,-93,1451721331235,8
404000,-96,1451721331238,20
404000,-78,1451721331287,22
404000,-71,1451721331320,24
404000,-92,1451721331344,20
404000,-93,1451721331347,8
404000,-96,1451721331386,19
404000,-76,1451721331389,22
404000,-67,1451721331443,24
404000,-77,1451721331495,22
404000,-74,1451721331533,24
404000,-91,1451721331581,20
404000,-96,1451721331591,8
404000,-78,1451721331615,22
404000,-91,1451721331620,19
404000,-70,1451721331648,24
404000,-92,1451721331654,20
404000,-91,1451721331683,8
404000,-98,1451721331688,9
404000,-91,1451721331718,19
404000,-77,1451721331723,22
404000,-73,1451721331750,24
404000,-93,1451721331782,20
404000,-96,1451721331787,8
404000,-78,1451721331821,22
404000,-73,1451721331863,24
404000,-92,1451721331875,20
404000,-96,1451721331903,8
404000,-78,1451721331939,22
404000,-74,1451721331967,24
404000,-92,1451721331972,20
404000,-95,1451721332005,8
404000,-78,1451721332033,22
404000,-73,1451721332050,24
404000,-96,1451721332083,20
404000,-97,1451721332092,8
404000,-94,1451721332124,19
404000,-80,1451721332153,22
404000,-76,1451721332163,24
404000,-96,1451721332183,20
404000,-93,1451721332188,8
404000,-92,1451721332229,19
404000,-79,1451721332253,22
404000,-76,1451721332286,24
404000,-95,1451721332294,20
404000,-93,1451721332298,8
404000,-97,1451721332338,19
404000,-78,1451721332344,22
404000,-79,1451721332372,24
404000,-94,1451721332400,20
404000,-96,1451721332444,19
404000,-77,1451721332472,22
404000,-74,1451721332482,24
404000,-91,1451721332503,20
404000,-77,1451721332559,22
404000,-73,1451721332600,24
404000,-92,1451721332605,20
404000,-74,1451721332680,24
404000,-92,1451721332705,20
404000,-94,1451721332714,8
404000,-94,1451721332761,19
404000,-76,1451721332766,22
404000,-76,1451721332788,24
404000,-92,1451721332823,20
404000,-95,1451721332828,8
404000,-93,1451721332865,19
404000,-79,1451721332888,22
404000,-74,1451721332921,24
404000,-91,1451721332929,20
404000,-95,1451721332953,8
404000,-96,1451721332991,19
404000,-77,1451721332996,22
404000,-73,1451721332999,24
404000,-92,1451721333024,20
404000,-94,1451721333060,8
404000,-96,1451721333091,19
404000,-79,1451721333099,22
404000,-70,1451721333132,24
404000,-92,1451721333148,20
404000,-94,1451721333150,8
404000,-94,1451721333185,19
404000,-78,1451721333201,22
404000,-73,1451721333206,24
404000,-93,1451721333248,20
404000,-88,1451721333251,8
404000,-76,1451721333300,22
404000,-72,1451721333315,24
404000,-97,1451721333344,20
404000,-89,1451721333364,8
404000,-91,1451721333400,19
404000,-76,1451721333407,22
404000,-96,1451721333459,20
404000,-92,1451721333497,19
404000,-70,1451721333521,24
404000,-88,1451721333556,8
404000,-93,1451721333603,19
404000,-70,1451721333626,24
404000,-76,1451721333631,22
404000,-88,1451721333657,8
404000,-95,1451721333690,20
404000,-70,1451721333726,24
404000,-76,1451721333730,22
404000,-88,1451721333765,8
404000,-97,1451721333790,20
404000,-92,1451721333825,19
404000,-70,1451721333830,24
404000,-88,1451721333871,8
404000,-93,1451721333910,19
404000,-76,1451721333946,22
404000,-97,1451721333974,20
404000,-88,1451721333981,8
404000,-69,1451721334027,24
404000,-76,1451721334056,22
404000,-88,1451721334091,8
404000,-91,1451721334144,19
404000,-67,1451721334153,24
404000,-76,1451721334157,22
404000,-90,1451721334224,19
404000,-72,1451721334263,24
404000,-77,1451721334267,22
404000,-95,1451721334296,20
404000,-90,1451721334326,8
404000,-93,1451721334337,19
404000,-73,1451721334364,22
404000,-72,1451721334367,24
404000,-97,1451721334397,20
404000,-88,1451721334425,8
404000,-100,1451721334430,9
404000,-91,1451721334464,19
404000,-71,1451721334468,24
404000,-95,1451721334499,20
404000,-89,1451721334525,8
404000,-91,1451721334566,19
404000,-77,1451721334570,22
404000,-71,1451721334574,24
404000,-89,1451721334626,8
404000,-90,1451721334665,19
404000,-73,1451721334669,24
404000,-90,1451721334726,8
404000,-91,1451721334772,19
404000,-69,1451721334776,24
404000,-76,1451721334795,22
404000,-87,1451721334822,8
404000,-78,1451721334869,22
404000,-90,1451721334923,8
404000,-69,1451721334964,24
404000,-91,1451721334988,19
404000,-78,1451721334991,22
404000,-94,1451721335011,20
404000,-88,1451721335043,8
404000,-71,1451721335077,24
404000,-94,1451721335093,19
404000,-89,1451721335132,8
404000,-72,1451721335194,24
404000,-78,1451721335199,22
404000,-93,1451721335202,19
404000,-90,1451721335237,8
404000,-71,1451721335294,24
404000,-88,1451721335346,8
404000,-80,1451721335419,22
404000,-92,1451721335434,19
404000,-88,1451721335466,8
404000,-70,1451721335495,24
404000,-78,1451721335504,22
404000,-90,1451721335528,19
404000,-89,1451721335555,8
404000,-72,1451721335585,24
404000,-76,1451721335616,22
404000,-92,1451721335621,19
404000,-98,1451721335650,20
404000,-89,1451721335679,8
404000,-72,1451721335717,24
404000,-78,1451721335726,22
404000,-95,1451721335729,19
404000,-98,1451721335749,20
404000,-88,1451721335781,8
404000,-72,1451721335817,24
404000,-77,1451721335822,22
404000,-98,1451721335827,19
404000,-100,1451721335857,20
404000,-88,1451721335884,8
404000,-72,1451721335916,24
404000,-76,1451721335930,22
404000,-96,1451721335951,19
404000,-88,1451721336013,8
404000,-72,1451721336018,24
404000,-76,1451721336044,22
404000,-93,1451721336049,19
404000,-96,1451721336074,20
404000,-88,1451721336098,8
404000,-70,1451721336134,24
404000,-78,1451721336143,22
404000,-95,1451721336153,19
404000,-97,1451721336189,20
404000,-88,1451721336217,8
404000,-73,1451721336221,24
404000,-79,1451721336245,22
404000,-92,1451721336248,19
404000,-97,1451721336271,20
404000,-88,1451721336304,8
404000,-72,1451721336332,24
404000,-79,1451721336347,22
404000,-89,1451721336352,19
404000,-89,1451721336407,8
404000,-76,1451721336438,24
404000,-78,1451721336441,22
404000,-91,1451721336469,19
404000,-98,1451721336498,20
404000,-89,1451721336533,8
404000,-76,1451721336553,24
404000,-78,1451721336569,22
404000,-89,1451721336573,19
404000,-96,1451721336598,20
404000,-88,1451721336622,8
404000,-75,1451721336658,22
404000,-96,1451721336719,20
404000,-88,1451721336749,8
404000,-90,1451721336782,19
404000,-88,1451721336836,8
404000,-76,1451721336882,24
404000,-77,1451721336889,22
404000,-90,1451721336896,19
404000,-87,1451721336943,8
404000,-75,1451721336973,24
404000,-77,1451721336978,22
404000,-87,1451721337048,8
404000,-77,1451721337088,24
404000,-91,1451721337095,19
404000,-79,1451721337099,22
404000,-87,1451721337172,8
404000,-75,1451721337182,24
404000,-79,1451721337187,22
404000,-94,1451721337204,19
404000,-71,1451721337270,24
404000,-79,1451721337301,22
404000,-70,1451721337377,24
404000,-78,1451721337385,22
404000,-97,1451721337391,19
404000,-90,1451721337473,8
404000,-70,1451721337504,24
404000,-88,1451721337569,8
404000,-73,1451721337619,22
404000,-100,1451721337631,19
404000,-74,1451721337647,24
404000,-99,1451721337664,20
404000,-88,1451721337680,8
404000,-79,1451721337697,22
404000,-88,1451721337781,8
404000,-95,1451721337815,19
404000,-88,1451721337888,8
404000,-83,1451721337926,22
404000,-75,1451721337930,24
404000,-88,1451721337991,8
404000,-81,1451721338028,22
404000,-94,1451721338031,19
404000,-88,1451721338093,8
404000,-99,1451721338140,1
404000,-93,1451721338148,19
404000,-80,1451721338150,22
404000,-96,1451721338167,20
404000,-87,1451721338198,8
404000,-74,1451721338215,24
404000,-83,1451721338303,8
404000,-72,1451721338318,24
404000,-76,1451721338332,22
404000,-84,1451721338407,8
404000,-70,1451721338442,24
404000,-77,1451721338448,22
404000,-85,1451721338515,8
404000,-72,1451721338548,24
404000,-77,1451721338552,22
404000,-84,1451721338644,8
404000,-73,1451721338648,24
404000,-74,1451721338653,22
404000,-87,1451721338756,8
404000,-74,1451721338760,22
404000,-86,1451721338850,8
404000,-94,1451721338853,19
404000,-75,1451721338855,22
404000,-86,1451721338944,8
404000,-94,1451721338946,19
404000,-76,1451721338970,22
404000,-71,1451721338974,24
404000,-69,1451721339051,24
404000,-78,1451721339079,22
404000,-88,1451721339151,8
404000,-95,1451721339153,19
404000,-78,1451721339171,22
404000,-84,1451721339254,8
404000,-70,1451721339258,24
404000,-76,1451721339275,22
404000,-67,1451721339357,24
404000,-84,1451721339383,8
404000,-77,1451721339390,22
404000,-69,1451721339461,24
404000,-86,1451721339474,8
404000,-76,1451721339489,22
404000,-69,1451721339565,24
404000,-87,1451721339591,8
404000,-77,1451721339596,22
404000,-69,1451721339667,24
404000,-86,1451721339722,8
404000,-95,1451721339738,19
404000,-69,1451721339774,24
404000,-77,1451721339792,22
404000,-70,1451721339876,24
404000,-84,1451721339900,8
404000,-77,1451721339902,22
404000,-70,1451721339980,24
404000,-98,1451721340016,19
404000,-86,1451721340024,8
404000,-77,1451721340028,22
404000,-71,1451721340087,24
404000,-96,1451721340108,19
404000,-82,1451721340110,8
404000,-77,1451721340124,22
404000,-70,1451721340191,24
404000,-95,1451721340210,19
404000,-87,1451721340212,8
404000,-78,1451721340226,22
404000,-70,1451721340297,24
404000,-96,1451721340339,19
404000,-86,1451721340357,8
404000,-77,1451721340363,22
404000,-77,1451721340425,22
404000,-69,1451721340501,24
404000,-96,1451721340529,19
404000,-86,1451721340531,8
404000,-76,1451721340535,22
404000,-70,1451721340607,24
404000,-98,1451721340635,19
404000,-85,1451721340638,8
404000,-69,1451721340709,24
404000,-96,1451721340754,19
404000,-76,1451721340773,22
404000,-85,1451721340778,8
404000,-70,1451721340817,24
404000,-97,1451721340847,19
404000,-75,1451721340851,22
404000,-87,1451721340853,8
404000,-70,1451721340921,24
404000,-76,1451721340947,22
404000,-86,1451721340953,8
404000,-70,1451721341029,24
404000,-96,1451721341036,19
404000,-75,1451721341089,22
404000,-85,1451721341094,8
404000,-70,1451721341135,24
404000,-75,1451721341147,22
404000,-84,1451721341163,8
404000,-70,1451721341249,24
404000,-95,1451721341253,19
404000,-86,1451721341265,8
404000,-67,1451721341343,24
404000,-85,1451721341372,8
404000,-70,1451721341457,24
404000,-76,1451721341467,22
404000,-88,1451721341512,8
404000,-70,1451721341556,24
404000,-75,1451721341560,22
404000,-88,1451721341583,8
404000,-70,1451721341658,24
404000,-76,1451721341683,22
404000,-70,1451721341763,24
404000,-77,1451721341789,22
404000,-69,1451721341871,24
404000,-76,1451721341911,22
404000,-95,1451721341922,19
404000,-87,1451721341933,8
404000,-69,1451721341973,24
404000,-98,1451721342000,19
404000,-77,1451721342002,22
404000,-87,1451721342006,8
404000,-70,1451721342076,24
404000,-95,1451721342104,19
404000,-76,1451721342109,22
404000,-87,1451721342111,8
404000,-70,1451721342181,24
404000,-76,1451721342206,22
404000,-87,1451721342216,8
404000,-70,1451721342290,24
404000,-75,1451721342314,22
404000,-95,1451721342316,19
404000,-70,1451721342397,24
404000,-75,1451721342421,22
404000,-96,1451721342425,19
404000,-67,1451721342502,24
404000,-74,1451721342516,22
404000,-96,1451721342519,19
404000,-87,1451721342531,8
404000,-71,1451721342607,24
404000,-75,1451721342638,22
404000,-88,1451721342643,8
404000,-71,1451721342711,24
404000,-75,1451721342719,22
404000,-87,1451721342744,8
404000,-67,1451721342829,24
404000,-75,1451721342834,22
404000,-86,1451721342856,8
404000,-75,1451721342926,22
404000,-98,1451721342987,19
404000,-87,1451721343000,8
404000,-70,1451721343027,24
404000,-75,1451721343038,22
404000,-98,1451721343040,19
404000,-70,1451721343125,24
404000,-74,1451721343154,22
404000,-87,1451721343158,8
404000,-67,1451721343227,24
404000,-93,1451721343261,19
404000,-93,1451721343308,20
404000,-67,1451721343345,24
404000,-94,1451721343363,19
404000,-82,1451721343399,22
404000,-90,1451721343405,8
404000,-98,1451721343408,1
404000,-53,1451721343433,24
404000,-95,1451721343463,19
404000,-82,1451721343469,22
404000,-89,1451721343491,8
404000,-91,1451721343524,20
404000,-70,1451721343546,24
404000,-94,1451721343578,19
404000,-80,1451721343584,22
404000,-91,1451721343589,8
404000,-92,1451721343618,20
404000,-69,1451721343649,24
404000,-92,1451721343676,19
404000,-81,1451721343680,22
404000,-91,1451721343688,8
404000,-93,1451721343720,20
404000,-69,1451721343775,24
404000,-82,1451721343780,22
404000,-92,1451721343784,19
404000,-91,1451721343808,8
404000,-93,1451721343842,20
404000,-69,1451721343867,24
404000,-94,1451721343894,19
404000,-81,1451721343898,22
404000,-90,1451721343902,8
404000,-93,1451721343928,20
404000,-69,1451721343968,24
404000,-82,1451721343994,22
404000,-90,1451721343998,8
404000,-93,1451721344034,20
404000,-69,1451721344074,24
404000,-91,1451721344104,19
404000,-82,1451721344110,22
404000,-87,1451721344117,8
404000,-92,1451721344150,20
404000,-70,1451721344175,24
404000,-93,1451721344189,19
404000,-82,1451721344193,22
404000,-90,1451721344211,8
404000,-93,1451721344242,20
404000,-69,1451721344279,24
404000,-82,1451721344316,22
404000,-93,1451721344325,19
404000,-90,1451721344334,8
404000,-93,1451721344354,20
404000,-67,1451721344384,24
404000,-91,1451721344427,8
404000,-67,1451721344488,24
404000,-94,1451721344508,19
404000,-95,1451721344552,20
404000,-70,1451721344593,24
404000,-92,1451721344616,19
404000,-82,1451721344622,22
404000,-91,1451721344650,8
404000,-93,1451721344678,20
404000,-71,1451721344711,24
404000,-92,1451721344745,19
404000,-83,1451721344750,22
404000,-91,1451721344754,8
404000,-95,1451721344781,20
404000,-67,1451721344812,24
404000,-94,1451721344845,19
404000,-82,1451721344850,22
404000,-90,1451721344854,8
404000,-96,1451721344897,20
404000,-67,1451721344903,24
404000,-93,1451721344930,19
404000,-82,1451721344963,22
404000,-97,1451721345002,20
404000,-67,1451721345007,24
404000,-90,1451721345038,8
404000,-83,1451721345065,22
404000,-98,1451721345069,9
404000,-95,1451721345098,20
404000,-71,1451721345132,24
404000,-91,1451721345170,8
404000,-93,1451721345210,20
404000,-71,1451721345219,24
404000,-96,1451721345247,19
404000,-91,1451721345253,8
404000,-82,1451721345280,22
404000,-94,1451721345299,20
404000,-67,1451721345331,24
404000,-91,1451721345371,8
404000,-83,1451721345376,22
404000,-93,1451721345400,20
404000,-71,1451721345432,24
404000,-94,1451721345468,19
404000,-82,1451721345473,22
404000,-90,1451721345479,8
404000,-96,1451721345501,20
404000,-93,1451721345566,19
404000,-82,1451721345571,22
404000,-90,1451721345604,8
404000,-94,1451721345609,20
404000,-70,1451721345639,24
404000,-93,1451721345669,19
404000,-83,1451721345674,22
404000,-90,1451721345700,8
404000,-94,1451721345734,20
404000,-71,1451721345740,24
404000,-93,1451721345765,19
404000,-82,1451721345800,22
404000,-89,1451721345805,8
404000,-95,1451721345832,20
404000,-71,1451721345856,24
404000,-93,1451721345884,19
404000,-83,1451721345890,22
404000,-90,1451721345920,8
404000,-94,1451721345924,20
404000,-67,1451721345960,24
404000,-93,1451721345991,19
404000,-82,1451721345997,22
404000,-90,1451721346013,8
404000,-95,1451721346029,20
404000,-67,1451721346054,24
404000,-94,1451721346080,19
404000,-83,1451721346096,22
404000,-89,1451721346110,8
404000,-93,1451721346127,20
404000,-71,1451721346162,24
404000,-94,1451721346184,19
404000,-82,1451721346197,22
404000,-90,1451721346217,8
404000,-93,1451721346231,20
404000,-71,1451721346268,24
404000,-95,1451721346302,19
404000,-82,1451721346311,22
404000,-90,1451721346342,8
404000,-94,1451721346347,20
404000,-67,1451721346389,24
404000,-92,1451721346418,19
404000,-84,1451721346424,22
404000,-91,1451721346448,8
404000,-94,1451721346452,20
404000,-67,1451721346483,24
404000,-93,1451721346502,19
404000,-82,1451721346537,22
404000,-92,1451721346541,8
404000,-97,1451721346546,20
404000,-92,1451721346606,19
404000,-82,1451721346637,22
404000,-90,1451721346642,8
404000,-97,1451721346646,20
404000,-70,1451721346696,24
404000,-93,1451721346734,19
404000,-82,1451721346746,22
404000,-94,1451721346750,20
404000,-70,1451721346794,24
404000,-83,1451721346836,22
404000,-88,1451721346844,8
404000,-95,1451721346875,20
404000,-72,1451721346904,24
404000,-93,1451721346938,19
404000,-87,1451721346947,22
404000,-94,1451721346964,20
404000,-70,1451721347001,24
404000,-93,1451721347028,19
404000,-83,1451721347054,22
404000,-90,1451721347059,8
404000,-94,1451721347087,20
404000,-71,1451721347137,24
404000,-94,1451721347142,19
404000,-82,1451721347161,22
404000,-99,1451721347166,1
404000,-91,1451721347170,8
404000,-95,1451721347189,20
404000,-90,1451721347242,19
404000,-82,1451721347271,22
404000,-98,1451721347277,1
404000,-92,1451721347305,20
404000,-74,1451721347339,24
404000,-95,1451721347372,19
404000,-82,1451721347377,22
404000,-91,1451721347381,8
404000,-95,1451721347407,20
404000,-75,1451721347443,24
404000,-93,1451721347454,19
404000,-90,1451721347483,8
404000,-83,1451721347489,22
404000,-94,1451721347513,20
404000,-72,1451721347541,24
404000,-95,1451721347574,19
404000,-92,1451721347579,8
404000,-82,1451721347585,22
404000,-92,1451721347613,20
404000,-73,1451721347641,24
404000,-93,1451721347678,19
404000,-91,1451721347682,8
404000,-93,1451721347706,20
404000,-73,1451721347743,24
404000,-94,1451721347784,19
404000,-90,1451721347788,8
404000,-81,1451721347792,22
404000,-92,1451721347810,20
404000,-93,1451721347878,19
404000,-93,1451721347887,8
404000,-82,1451721347891,22
404000,-92,1451721347912,20
404000,-71,1451721347967,24
404000,-93,1451721348002,19
404000,-92,1451721348007,8
404000,-82,1451721348011,22
404000,-93,1451721348030,20
404000,-71,1451721348066,24
404000,-94,1451721348114,20
404000,-70,1451721348166,24
404000,-93,1451721348194,19
404000,-92,1451721348200,8
404000,-83,1451721348205,22
404000,-94,1451721348228,20
404000,-74,1451721348295,24
404000,-83,1451721348299,8
404000,-78,1451721348328,22
404000,-95,1451721348336,20
404000,-70,1451721348396,24
404000,-93,1451721348402,19
404000,-85,1451721348427,8
404000,-77,1451721348437,22
404000,-94,1451721348446,20
404000,-75,1451721348495,24
404000,-93,1451721348527,19
404000,-78,1451721348532,22
404000,-93,1451721348562,20
404000,-74,1451721348604,24
404000,-95,1451721348632,19
404000,-84,1451721348638,8
404000,-78,1451721348643,22
404000,-93,1451721348661,20
404000,-74,1451721348712,24
404000,-93,1451721348717,19
404000,-85,1451721348747,8
404000,-77,1451721348752,22
404000,-93,1451721348756,20
404000,-75,1451721348819,24
404000,-93,1451721348823,19
404000,-82,1451721348847,8
404000,-78,1451721348854,22
404000,-96,1451721348858,20
404000,-74,1451721348914,24
404000,-93,1451721348950,19
404000,-84,1451721348955,8
404000,-79,1451721348960,22
404000,-94,1451721348965,20
404000,-74,1451721349026,24
404000,-84,1451721349049,8
404000,-79,1451721349054,22
404000,-70,1451721349123,24
404000,-94,1451721349154,19
404000,-78,1451721349162,22
404000,-74,1451721349230,24
404000,-84,1451721349265,8
404000,-75,1451721349270,22
404000,-95,1451721349274,20
404000,-70,1451721349363,24
404000,-84,1451721349373,8
404000,-79,1451721349379,22
404000,-83,1451721349458,8
404000,-94,1451721349462,19
404000,-79,1451721349481,22
404000,-94,1451721349485,20
404000,-74,1451721349553,24
404000,-84,1451721349561,8
404000,-79,1451721349581,22
404000,-74,1451721349658,24
404000,-93,1451721349664,19
404000,-83,1451721349685,8
404000,-79,1451721349692,22
404000,-95,1451721349696,20
404000,-70,1451721349769,24
404000,-93,1451721349776,19
404000,-83,1451721349781,8
404000,-78,1451721349785,22
404000,-95,1451721349789,20
404000,-94,1451721349874,19
404000,-74,1451721349879,24
404000,-83,1451721349886,8
404000,-79,1451721349890,22
404000,-96,1451721349906,20
404000,-96,1451721349973,19
404000,-74,1451721349980,24
404000,-79,1451721350004,22
404000,-83,1451721350009,8
404000,-95,1451721350013,20
404000,-93,1451721350090,19
404000,-74,1451721350094,24
404000,-84,1451721350098,8
404000,-93,1451721350119,20
404000,-94,1451721350189,19
404000,-74,1451721350196,24
404000,-84,1451721350200,8
404000,-79,1451721350204,22
404000,-95,1451721350292,19
404000,-74,1451721350298,24
404000,-84,1451721350302,8
404000,-78,1451721350307,22
404000,-94,1451721350311,20
404000,-94,1451721350401,19
404000,-84,1451721350407,8
404000,-74,1451721350411,24
404000,-79,1451721350416,22
404000,-94,1451721350421,20
404000,-95,1451721350486,19
404000,-74,1451721350522,24
404000,-84,1451721350526,8
404000,-93,1451721350606,19
404000,-75,1451721350615,24
404000,-79,1451721350620,22
404000,-94,1451721350638,20
404000,-93,1451721350724,19
404000,-79,1451721350728,22
404000,-83,1451721350732,8
404000,-93,1451721350736,20
404000,-94,1451721350824,19
404000,-79,1451721350829,22
404000,-85,1451721350834,8
404000,-79,1451721350915,22
404000,-95,1451721350917,19
404000,-70,1451721350919,24
404000,-83,1451721350933,8
404000,-93,1451721350935,20
404000,-78,1451721351023,22
404000,-95,1451721351031,19
404000,-74,1451721351038,24
404000,-93,1451721351043,20
404000,-79,1451721351140,22
404000,-95,1451721351144,19
404000,-74,1451721351149,24
404000,-83,1451721351153,8
404000,-96,1451721351159,20
404000,-78,1451721351238,22
404000,-74,1451721351245,24
404000,-96,1451721351249,19
404000,-84,1451721351253,8
404000,-94,1451721351271,20
404000,-79,1451721351339,22
404000,-74,1451721351347,24
404000,-93,1451721351352,19
404000,-85,1451721351355,8
404000,-95,1451721351362,20
404000,-78,1451721351429,22
404000,-74,1451721351456,24
404000,-79,1451721351543,22
404000,-74,1451721351555,24
404000,-94,1451721351574,20
404000,-84,1451721351585,8
404000,-79,1451721351658,22
404000,-75,1451721351663,24
404000,-85,1451721351667,8
404000,-94,1451721351671,20
404000,-78,1451721351764,22
404000,-74,1451721351768,24
404000,-93,1451721351771,19
404000,-79,1451721351863,22
404000,-74,1451721351869,24
404000,-95,1451721351894,19
404000,-95,1451721351900,20
404000,-79,1451721351951,22
404000,-74,1451721351974,24
404000,-83,1451721351979,8
404000,-95,1451721351983,19
404000,-93,1451721351987,20
404000,-78,1451721352072,22
404000,-84,1451721352076,8
404000,-95,1451721352096,19
404000,-78,1451721352173,22
404000,-75,1451721352177,24
404000,-94,1451721352191,20
404000,-96,1451721352197,19
404000,-78,1451721352270,22
404000,-75,1451721352293,24
404000,-95,1451721352297,19
404000,-95,1451721352301,20
404000,-78,1451721352378,22
404000,-74,1451721352382,24
404000,-96,1451721352428,20
404000,-95,1451721352436,19
404000,-85,1451721352495,8
404000,-74,1451721352498,24
404000,-95,1451721352506,20
404000,-74,1451721352588,24
404000,-79,1451721352591,22
404000,-95,1451721352610,19
404000,-94,1451721352614,20
404000,-75,1451721352699,24
404000,-85,1451721352708,8
404000,-79,1451721352717,22
404000,-95,1451721352745,19
404000,-95,1451721352751,20
404000,-75,1451721352790,24
404000,-86,1451721352794,8
404000,-78,1451721352812,22
404000,-96,1451721352817,19
404000,-74,1451721352897,24
404000,-84,1451721352901,8
404000,-94,1451721352927,19
404000,-79,1451721352931,22
404000,-94,1451721352934,20
404000,-74,1451721353017,24
404000,-95,1451721353045,19
404000,-94,1451721353050,20
404000,-75,1451721353098,24
404000,-85,1451721353122,8
404000,-78,1451721353129,22
404000,-94,1451721353150,20
404000,-79,1451721353229,22
404000,-96,1451721353235,19
404000,-69,1451721353312,24
404000,-84,1451721353321,8
404000,-75,1451721353352,22
404000,-68,1451721353410,24
404000,-85,1451721353431,8
404000,-75,1451721353437,22
404000,-68,1451721353521,24
404000,-84,1451721353530,8
404000,-75,1451721353560,22
404000,-68,1451721353618,24
404000,-84,1451721353650,8
404000,-75,1451721353671,22
404000,-97,1451721353677,19
404000,-68,1451721353733,24
404000,-85,1451721353739,8
404000,-74,1451721353768,22
404000,-68,1451721353829,24
404000,-84,1451721353855,8
404000,-75,1451721353870,22
404000,-100,1451721353908,19
404000,-68,1451721353934,24
404000,-82,1451721353940,8
404000,-75,1451721353966,22
404000,-68,1451721354035,24
404000,-84,1451721354084,8
404000,-75,1451721354088,22
404000,-68,1451721354151,24
404000,-84,1451721354156,8
404000,-75,1451721354184,22
404000,-96,1451721354191,19
404000,-69,1451721354243,24
404000,-84,1451721354270,8
404000,-75,1451721354276,22
404000,-68,1451721354346,24
404000,-75,1451721354378,22
404000,-68,1451721354452,24
404000,-68,1451721354553,24
404000,-75,1451721354592,22
404000,-68,1451721354659,24
404000,-84,1451721354682,8
404000,-75,1451721354700,22
404000,-68,1451721354760,24
404000,-84,1451721354786,8
404000,-75,1451721354803,22
404000,-69,1451721354871,24
404000,-83,1451721354910,8
404000,-75,1451721354914,22
404000,-68,1451721354977,24
404000,-84,1451721355013,8
404000,-74,1451721355017,22
404000,-68,1451721355077,24
404000,-85,1451721355126,8
404000,-75,1451721355132,22
404000,-97,1451721355137,19
404000,-68,1451721355180,24
404000,-84,1451721355203,8
404000,-75,1451721355219,22
404000,-68,1451721355281,24
404000,-84,1451721355304,8
404000,-75,1451721355327,22
404000,-69,1451721355397,24
404000,-85,1451721355439,8
404000,-75,1451721355464,22
404000,-68,1451721355510,24
404000,-85,1451721355533,8
404000,-74,1451721355550,22
404000,-69,1451721355592,24
404000,-85,1451721355622,8
404000,-75,1451721355643,22
404000,-68,1451721355696,24
404000,-83,1451721355729,8
404000,-75,1451721355758,22
404000,-69,1451721355806,24
404000,-85,1451721355836,8
404000,-74,1451721355860,22
404000,-68,1451721355911,24
404000,-74,1451721355962,22
404000,-69,1451721356013,24
404000,-84,1451721356054,8
404000,-76,1451721356081,22
404000,-68,1451721356143,24
404000,-82,1451721356156,8
404000,-101,1451721356177,19
404000,-75,1451721356181,22
404000,-68,1451721356233,24
404000,-83,1451721356270,8
404000,-69,1451721356334,24
404000,-82,1451721356361,8
404000,-75,1451721356388,22
404000,-69,1451721356440,24
404000,-85,1451721356484,8
404000,-75,1451721356497,22
404000,-68,1451721356542,24
404000,-85,1451721356562,8
404000,-75,1451721356589,22
404000,-69,1451721356642,24
404000,-85,1451721356677,8
404000,-75,1451721356714,22
404000,-69,1451721356753,24
404000,-84,1451721356772,8
404000,-75,1451721356801,22
404000,-69,1451721356847,24
404000,-86,1451721356880,8
404000,-99,1451721356915,19
404000,-68,1451721356954,24
404000,-85,1451721356989,8
404000,-74,1451721357014,22
404000,-82,1451721357075,8
404000,-75,1451721357115,22
404000,-69,1451721357172,24
404000,-82,1451721357186,8
404000,-74,1451721357222,22
404000,-68,1451721357265,24
404000,-82,1451721357302,8
404000,-74,1451721357334,22
404000,-69,1451721357370,24
404000,-84,1451721357409,8
404000,-75,1451721357433,22
404000,-69,1451721357499,24
404000,-82,1451721357503,8
404000,-75,1451721357532,22
404000,-69,1451721357604,24
404000,-84,1451721357609,8
404000,-75,1451721357634,22
404000,-69,1451721357691,24
404000,-85,1451721357716,8
404000,-75,1451721357738,22
404000,-69,1451721357799,24
404000,-84,1451721357820,8
404000,-74,1451721357852,22
404000,-69,1451721357901,24
404000,-84,1451721357938,8
404000,-75,1451721357971,22
404000,-69,1451721358005,24
404000,-86,1451721358035,8
404000,-74,1451721358069,22
404000,-68,1451721358118,24
404000,-85,1451721358138,8
404000,-75,1451721358170,22
404000,-69,1451721358236,24
404000,-82,1451721358240,8
404000,-99,1451721358269,1
404000,-93,1451721358273,20
404000,-83,1451721358278,22
404000,-93,1451721358363,20
404000,-83,1451721358394,22
404000,-81,1451721358477,22
404000,-91,1451721358529,8
404000,-72,1451721358564,24
404000,-92,1451721358577,19
404000,-91,1451721358593,20
404000,-81,1451721358614,22
404000,-91,1451721358637,8
404000,-71,1451721358672,24
404000,-92,1451721358678,19
404000,-95,1451721358682,1
404000,-93,1451721358703,20
404000,-82,1451721358712,22
404000,-92,1451721358731,8
404000,-91,1451721358786,19
404000,-82,1451721358794,22
404000,-90,1451721358834,8
404000,-71,1451721358857,24
404000,-93,1451721358892,19
404000,-92,1451721358898,20
404000,-81,1451721358929,22
404000,-91,1451721358955,8
404000,-71,1451721358990,24
404000,-92,1451721358998,19
404000,-91,1451721359002,20
404000,-82,1451721359021,22
404000,-91,1451721359055,8
404000,-72,1451721359092,24
404000,-94,1451721359100,19
404000,-92,1451721359108,20
404000,-82,1451721359128,22
404000,-92,1451721359157,8
404000,-72,1451721359193,24
404000,-93,1451721359202,19
404000,-92,1451721359226,20
404000,-82,1451721359237,22
404000,-90,1451721359264,8
404000,-92,1451721359313,19
404000,-91,1451721359317,20
404000,-83,1451721359321,22
404000,-93,1451721359373,8
404000,-73,1451721359412,24
404000,-92,1451721359419,19
404000,-94,1451721359431,20
404000,-83,1451721359435,22
404000,-94,1451721359453,8
404000,-73,1451721359494,24
404000,-93,1451721359524,19
404000,-83,1451721359533,22
404000,-93,1451721359564,8
404000,-92,1451721359665,8
404000,-72,1451721359714,24
404000,-93,1451721359745,19
404000,-93,1451721359755,20
404000,-82,1451721359759,22
404000,-93,1451721359784,8
404000,-73,1451721359819,24
404000,-93,1451721359824,19
404000,-94,1451721359844,20
404000,-92,1451721359882,8
404000,-97,1451721359917,1
404000,-94,1451721359921,19
404000,-81,1451721359949,22
404000,-92,1451721359980,8
404000,-73,1451721360058,24
404000,-92,1451721360061,19
404000,-93,1451721360064,20
404000,-93,1451721360078,8
404000,-72,1451721360127,24
404000,-92,1451721360160,19
404000,-83,1451721360164,22
404000,-92,1451721360190,8
404000,-73,1451721360243,24
404000,-94,1451721360249,19
404000,-84,1451721360283,22
404000,-94,1451721360288,20
404000,-93,1451721360292,8
404000,-72,1451721360338,24
404000,-93,1451721360364,19
404000,-82,1451721360370,22
404000,-95,1451721360394,20
404000,-92,1451721360399,8
404000,-73,1451721360449,24
404000,-93,1451721360455,19
404000,-82,1451721360482,22
404000,-93,1451721360488,20
404000,-92,1451721360492,8
404000,-72,1451721360549,24
404000,-93,1451721360585,19
404000,-82,1451721360589,22
404000,-94,1451721360593,20
404000,-93,1451721360681,19
404000,-72,1451721360690,24
404000,-82,1451721360694,22
404000,-92,1451721360700,8
404000,-72,1451721360764,24
404000,-94,1451721360769,19
404000,-83,1451721360798,22
404000,-95,1451721360803,20
404000,-73,1451721360872,24
404000,-94,1451721360876,19
404000,-72,1451721360960,24
404000,-92,1451721360980,19
404000,-83,1451721360997,22
404000,-73,1451721361061,24
404000,-92,1451721361083,19
404000,-82,1451721361118,22
404000,-94,1451721361124,8
404000,-73,1451721361182,24
404000,-93,1451721361192,19
404000,-82,1451721361218,22
404000,-93,1451721361226,20
404000,-73,1451721361276,24
404000,-93,1451721361298,19
404000,-82,1451721361312,22
404000,-93,1451721361335,8
404000,-72,1451721361383,24
404000,-94,1451721361409,19
404000,-82,1451721361411,22
404000,-95,1451721361427,20
404000,-94,1451721361444,8
404000,-73,1451721361493,24
404000,-93,1451721361512,19
404000,-83,1451721361526,22
404000,-95,1451721361529,20
404000,-92,1451721361543,8
404000,-83,1451721361616,22
404000,-93,1451721361630,20
404000,-93,1451721361645,8
404000,-72,1451721361699,24
404000,-93,1451721361727,19
404000,-82,1451721361735,22
404000,-93,1451721361751,20
404000,-93,1451721361754,8
404000,-92,1451721361835,19
404000,-84,1451721361840,22
404000,-94,1451721361867,20
404000,-93,1451721361872,8
404000,-72,1451721361910,24
404000,-95,1451721361935,19
404000,-83,1451721361939,22
404000,-95,1451721361970,20
404000,-91,1451721361978,8
404000,-72,1451721362013,24
404000,-95,1451721362045,19
404000,-83,1451721362052,22
404000,-94,1451721362057,20
404000,-92,1451721362072,8
404000,-73,1451721362119,24
404000,-94,1451721362159,19
404000,-83,1451721362164,22
404000,-72,1451721362222,24
404000,-94,1451721362264,19
404000,-83,1451721362275,22
404000,-95,1451721362302,20
404000,-91,1451721362305,8
404000,-72,1451721362325,24
404000,-94,1451721362358,19
404000,-83,1451721362362,22
404000,-92,1451721362383,20
404000,-91,1451721362390,8
404000,-72,1451721362428,24
404000,-98,1451721362452,1
404000,-93,1451721362470,19
404000,-82,1451721362504,22
404000,-94,1451721362508,20
404000,-90,1451721362512,8
404000,-71,1451721362537,24
404000,-98,1451721362574,1
404000,-93,1451721362580,19
404000,-81,1451721362585,22
404000,-93,1451721362588,20
404000,-92,1451721362608,8
404000,-71,1451721362642,24
404000,-99,1451721362671,1
404000,-81,1451721362682,22
404000,-94,1451721362706,20
404000,-92,1451721362711,8
404000,-70,1451721362743,24
404000,-98,1451721362771,1
404000,-97,1451721362777,19
404000,-94,1451721362811,20
404000,-92,1451721362820,8
404000,-70,1451721362862,24
404000,-101,1451721362867,1
404000,-95,1451721362889,19
404000,-82,1451721362894,22
404000,-93,1451721362924,20
404000,-101,1451721362930,9
404000,-94,1451721362935,8
404000,-70,1451721362956,24
404000,-93,1451721362989,19
404000,-82,1451721362996,22
404000,-94,1451721363024,20
404000,-93,1451721363029,8
404000,-70,1451721363060,24
404000,-96,1451721363094,19
404000,-83,1451721363102,22
404000,-94,1451721363122,20
404000,-97,1451721363133,9
404000,-93,1451721363150,8
404000,-97,1451721363187,19
404000,-84,1451721363211,22
404000,-94,1451721363216,20
404000,-91,1451721363244,8
404000,-74,1451721363278,24
404000,-93,1451721363308,19
404000,-94,1451721363314,20
404000,-79,1451721363344,22
404000,-87,1451721363352,8
404000,-74,1451721363379,24
404000,-94,1451721363404,19
404000,-94,1451721363427,20
404000,-73,1451721363434,22
404000,-75,1451721363474,24
404000,-95,1451721363511,19
404000,-73,1451721363548,22
404000,-84,1451721363553,8
404000,-73,1451721363609,24
404000,-93,1451721363614,19
404000,-94,1451721363642,20
404000,-78,1451721363647,22
404000,-83,1451721363677,8
404000,-73,1451721363712,24
404000,-92,1451721363718,19
404000,-96,1451721363745,20
404000,-78,1451721363750,22
404000,-73,1451721363815,24
404000,-92,1451721363843,19
404000,-96,1451721363848,20
404000,-77,1451721363852,22
404000,-84,1451721363876,8
404000,-72,1451721363901,24
404000,-93,1451721363930,19
404000,-96,1451721363950,20
404000,-77,1451721363954,22
404000,-87,1451721363977,8
404000,-72,1451721364030,24
404000,-94,1451721364035,19
404000,-93,1451721364060,20
404000,-77,1451721364064,22
404000,-86,1451721364083,8
404000,-70,1451721364144,24
404000,-93,1451721364181,20
404000,-84,1451721364187,8
404000,-70,1451721364219,24
404000,-93,1451721364249,19
404000,-98,1451721364285,9
404000,-84,1451721364291,8
404000,-79,1451721364386,22
404000,-84,1451721364391,8
404000,-74,1451721364449,24
404000,-92,1451721364453,19
404000,-94,1451721364481,20
404000,-77,1451721364486,22
404000,-70,1451721364549,24
404000,-96,1451721364556,19
404000,-95,1451721364589,20
404000,-77,1451721364592,22
404000,-87,1451721364612,8
404000,-74,1451721364664,24
404000,-93,1451721364669,19
404000,-97,1451721364672,20
404000,-77,1451721364698,22
404000,-87,1451721364703,8
404000,-74,1451721364766,24
404000,-94,1451721364776,19
404000,-77,1451721364801,22
404000,-87,1451721364806,8
404000,-75,1451721364872,24
404000,-93,1451721364877,19
404000,-77,1451721364900,22
404000,-87,1451721364931,8
404000,-76,1451721364958,24
404000,-93,1451721364981,19
404000,-98,1451721364986,20
404000,-77,1451721365004,22
404000,-87,1451721365031,8
404000,-76,1451721365059,24
404000,-97,1451721365089,20
404000,-93,1451721365094,19
404000,-76,1451721365118,22
404000,-87,1451721365123,8
404000,-74,1451721365182,24
404000,-99,1451721365188,20
404000,-91,1451721365192,19
404000,-76,1451721365220,22
404000,-75,1451721365283,24
404000,-91,1451721365292,19
404000,-95,1451721365295,20
404000,-75,1451721365316,22
404000,-88,1451721365339,8
404000,-94,1451721365383,19
404000,-78,1451721365432,22
404000,-87,1451721365453,8
404000,-73,1451721365483,24
404000,-92,1451721365496,19
404000,-76,1451721365520,22
404000,-82,1451721365554,8
404000,-75,1451721365597,24
404000,-92,1451721365603,19
404000,-86,1451721365656,8
404000,-70,1451721365682,24
404000,-95,1451721365701,20
404000,-92,1451721365706,19
404000,-75,1451721365751,22
404000,-84,1451721365771,8
404000,-73,1451721365803,24
404000,-94,1451721365812,19
404000,-76,1451721365842,22
404000,-85,1451721365869,8
404000,-75,1451721365897,24
404000,-81,1451721365953,22
404000,-84,1451721365972,8
404000,-76,1451721366080,22
404000,-83,1451721366088,8
404000,-74,1451721366117,24
404000,-96,1451721366137,20
404000,-79,1451721366158,22
404000,-84,1451721366188,8
404000,-74,1451721366226,24
404000,-77,1451721366258,22
404000,-83,1451721366290,8
404000,-74,1451721366326,24
404000,-96,1451721366360,20
404000,-97,1451721366364,19
404000,-76,1451721366372,22
404000,-85,1451721366394,8
404000,-74,1451721366427,24
404000,-95,1451721366459,20
404000,-95,1451721366465,19
404000,-76,1451721366469,22
404000,-84,1451721366491,8
404000,-73,1451721366545,24
404000,-97,1451721366548,20
404000,-77,1451721366569,22
404000,-83,1451721366593,8
404000,-73,1451721366640,24
404000,-94,1451721366648,19
404000,-97,1451721366675,20
404000,-76,1451721366681,22
404000,-84,1451721366713,8
404000,-73,1451721366757,24
404000,-95,1451721366777,19
404000,-76,1451721366782,22
404000,-85,1451721366810,8
404000,-73,1451721366848,24
404000,-96,1451721366876,19
404000,-76,1451721366884,22
404000,-83,1451721366917,8
404000,-73,1451721366951,24
404000,-96,1451721366976,20
404000,-76,1451721367010,22
404000,-73,1451721367051,24
404000,-96,1451721367077,20
404000,-94,1451721367082,19
404000,-77,1451721367110,22
404000,-84,1451721367141,8
404000,-74,1451721367175,24
404000,-96,1451721367181,20
404000,-95,1451721367188,19
404000,-77,1451721367214,22
404000,-84,1451721367249,8
404000,-73,1451721367280,24
404000,-95,1451721367285,20
404000,-83,1451721367335,8
404000,-70,1451721367364,24
404000,-95,1451721367401,19
404000,-76,1451721367426,22
404000,-75,1451721367458,24
404000,-76,1451721367509,22
404000,-83,1451721367553,8
404000,-75,1451721367605,24
404000,-97,1451721367616,20
404000,-94,1451721367620,19
404000,-77,1451721367639,22
404000,-79,1451721367661,8
404000,-70,1451721367668,24
404000,-93,1451721367700,20
404000,-93,1451721367729,19
404000,-77,1451721367736,22
404000,-84,1451721367767,8
404000,-73,1451721367774,24
404000,-97,1451721367802,20
404000,-93,1451721367824,19
404000,-78,1451721367828,22
404000,-84,1451721367861,8
404000,-70,1451721367872,24
404000,-96,1451721367910,19
404000,-78,1451721367928,22
404000,-85,1451721367968,8
404000,-72,1451721367989,24
404000,-95,1451721368009,20
404000,-96,1451721368021,19
404000,-76,1451721368040,22
404000,-84,1451721368073,8
404000,-70,1451721368098,24
404000,-96,1451721368102,20
404000,-80,1451721368140,22
404000,-84,1451721368181,8
404000,-73,1451721368232,24
404000,-99,1451721368245,1
404000,-93,1451721368251,19
404000,-77,1451721368268,22
404000,-71,1451721368299,24
404000,-95,1451721368336,19
404000,-73,1451721368340,22
404000,-84,1451721368388,8
404000,-70,1451721368414,24
404000,-96,1451721368449,19
404000,-77,1451721368454,22
404000,-85,1451721368515,8
404000,-71,1451721368520,24
404000,-78,1451721368556,22
404000,-84,1451721368600,8
404000,-69,1451721368607,24
404000,-77,1451721368664,22
404000,-84,1451721368696,8
404000,-70,1451721368702,24
404000,-97,1451721368743,19
404000,-78,1451721368772,22
404000,-69,1451721368804,24
404000,-79,1451721368881,22
404000,-70,1451721368944,24
404000,-82,1451721368958,8
404000,-78,1451721369001,22
404000,-68,1451721369011,24
404000,-97,1451721369058,19
404000,-77,1451721369082,22
404000,-70,1451721369105,24
404000,-78,1451721369196,22
404000,-71,1451721369217,24
404000,-77,1451721369293,22
404000,-82,1451721369339,8
404000,-76,1451721369400,22
404000,-70,1451721369423,24
404000,-76,1451721369514,22
404000,-85,1451721369532,8
404000,-70,1451721369554,24
404000,-77,1451721369608,22
404000,-84,1451721369636,8
404000,-69,1451721369640,24
404000,-77,1451721369718,22
404000,-84,1451721369769,8
404000,-68,1451721369782,24
404000,-77,1451721369815,22
404000,-84,1451721369841,8
404000,-97,1451721369910,19
404000,-77,1451721369950,22
404000,-84,1451721369956,8
404000,-69,1451721369963,24
404000,-78,1451721370025,22
404000,-82,1451721370055,8
404000,-69,1451721370059,24
404000,-79,1451721370126,22
404000,-82,1451721370160,8
404000,-69,1451721370168,24
404000,-77,1451721370249,22
404000,-86,1451721370255,8
404000,-69,1451721370261,24
404000,-75,1451721370340,22
404000,-88,1451721370397,8
404000,-67,1451721370401,24
404000,-77,1451721370457,22
404000,-86,1451721370462,8
404000,-70,1451721370489,24
404000,-75,1451721370550,22
404000,-87,1451721370578,8
404000,-69,1451721370582,24
404000,-75,1451721370654,22
404000,-87,1451721370676,8
404000,-70,1451721370683,24
404000,-74,1451721370765,22
404000,-84,1451721370802,8
404000,-70,1451721370805,24
404000,-84,1451721370876,8
404000,-73,1451721370892,24
404000,-76,1451721370970,22
404000,-84,1451721370988,8
404000,-67,1451721371008,24
404000,-86,1451721371125,8
404000,-69,1451721371140,24
404000,-78,1451721371179,22
404000,-88,1451721371210,8
404000,-70,1451721371215,24
404000,-94,1451721371293,19
404000,-87,1451721371303,8
404000,-70,1451721371326,24
404000,-87,1451721371405,8
404000,-70,1451721371447,24
404000,-78,1451721371499,22
404000,-88,1451721371525,8
404000,-69,1451721371528,24
404000,-77,1451721371602,22
404000,-69,1451721371622,24
404000,-77,1451721371706,22
404000,-87,1451721371729,8
404000,-70,1451721371733,24
404000,-94,1451721371802,19
404000,-77,1451721371829,22
404000,-87,1451721371834,8
404000,-70,1451721371838,24
404000,-77,1451721371915,22
404000,-87,1451721371951,8
404000,-70,1451721371956,24
404000,-93,1451721372017,19
404000,-73,1451721372021,22
404000,-88,1451721372046,8
404000,-70,1451721372050,24
404000,-76,1451721372120,22
404000,-87,1451721372151,8
404000,-67,1451721372159,24
404000,-77,1451721372226,22
404000,-93,1451721372230,19
404000,-87,1451721372248,8
404000,-67,1451721372253,24
404000,-76,1451721372332,22
404000,-87,1451721372369,8
404000,-71,1451721372377,24
404000,-95,1451721372450,19
404000,-75,1451721372455,22
404000,-87,1451721372463,8
404000,-70,1451721372481,24
404000,-76,1451721372538,22
404000,-87,1451721372568,8
404000,-70,1451721372602,24
404000,-95,1451721372640,19
404000,-76,1451721372645,22
404000,-88,1451721372670,8
404000,-70,1451721372699,24
404000,-75,1451721372746,22
404000,-87,1451721372770,8
404000,-70,1451721372801,24
404000,-87,1451721372870,8
404000,-69,1451721372906,24
404000,-76,1451721372959,22
404000,-87,1451721373003,8
404000,-69,1451721373008,24
404000,-75,1451721373067,22
404000,-87,1451721373085,8
404000,-70,1451721373112,24
404000,-96,1451721373168,19
404000,-76,1451721373173,22
404000,-87,1451721373206,8
404000,-69,1451721373215,24
404000,-93,1451721373279,19
404000,-76,1451721373282,22
404000,-71,1451721373316,24
404000,-91,1451721373337,20
404000,-92,1451721373380,19
404000,-76,1451721373402,22
404000,-94,1451721373407,8
404000,-72,1451721373442,20
404000,-90,1451721373491,19
404000,-79,1451721373498,22
404000,-93,1451721373503,8
404000,-70,1451721373528,24
404000,-92,1451721373560,20
404000,-90,1451721373593,19
404000,-93,1451721373620,8
404000,-69,1451721373656,24
404000,-91,1451721373661,20
404000,-79,1451721373707,22
404000,-69,1451721373739,24
404000,-95,1451721373781,20
404000,-90,1451721373806,19
404000,-93,1451721373812,8
404000,-76,1451721373816,22
404000,-69,1451721373840,24
404000,-92,1451721373871,20
404000,-91,1451721373910,19
404000,-92,1451721373921,8
404000,-79,1451721373947,22
404000,-69,1451721373952,24
404000,-92,1451721373972,20
404000,-91,1451721374011,19
404000,-91,1451721374040,8
404000,-79,1451721374045,22
404000,-91,1451721374073,20
404000,-93,1451721374119,8
404000,-90,1451721374124,19
404000,-78,1451721374143,22
404000,-69,1451721374172,24
404000,-90,1451721374206,20
404000,-93,1451721374239,8
404000,-91,1451721374243,19
404000,-76,1451721374247,22
404000,-69,1451721374266,24
404000,-91,1451721374289,20
404000,-94,1451721374319,8
404000,-76,1451721374339,22
404000,-92,1451721374391,20
404000,-93,1451721374437,8
404000,-91,1451721374441,19
404000,-80,1451721374446,22
404000,-71,1451721374472,24
404000,-94,1451721374512,20
404000,-95,1451721374541,8
404000,-91,1451721374550,19
404000,-80,1451721374554,22
404000,-70,1451721374580,24
404000,-92,1451721374626,8
404000,-92,1451721374658,19
404000,-80,1451721374663,22
404000,-71,1451721374699,24
404000,-93,1451721374709,20
404000,-95,1451721374731,8
404000,-92,1451721374760,19
404000,-81,1451721374763,22
404000,-72,1451721374786,24
404000,-94,1451721374807,20
404000,-92,1451721374838,8
404000,-92,1451721374853,19
404000,-80,1451721374869,22
404000,-71,1451721374889,24
404000,-94,1451721374914,20
404000,-93,1451721374948,8
404000,-95,1451721374969,19
404000,-93,1451721375023,20
404000,-93,1451721375053,8
404000,-81,1451721375080,22
404000,-94,1451721375126,20
404000,-94,1451721375157,8
404000,-92,1451721375183,19
404000,-80,1451721375190,22
404000,-71,1451721375212,24
404000,-94,1451721375243,20
404000,-93,1451721375278,8
404000,-91,1451721375283,19
404000,-76,1451721375287,22
404000,-71,1451721375319,24
404000,-93,1451721375347,20
404000,-93,1451721375380,8
404000,-92,1451721375387,19
404000,-80,1451721375392,22
404000,-71,1451721375428,24
404000,-93,1451721375461,20
404000,-93,1451721375499,8
404000,-92,1451721375509,19
404000,-80,1451721375519,22
404000,-71,1451721375554,24
404000,-93,1451721375558,20
404000,-94,1451721375579,8
404000,-92,1451721375612,19
404000,-80,1451721375616,22
404000,-71,1451721375650,24
404000,-94,1451721375659,20
404000,-94,1451721375682,8
404000,-93,1451721375713,19
404000,-81,1451721375718,22
404000,-73,1451721375746,24
404000,-93,1451721375784,20
404000,-92,1451721375789,8
404000,-94,1451721375817,19
404000,-82,1451721375823,22
404000,-74,1451721375856,24
404000,-92,1451721375884,20
404000,-93,1451721375918,8
404000,-93,1451721375923,19
404000,-73,1451721375951,24
404000,-93,1451721375980,20
404000,-93,1451721375998,8
404000,-96,1451721376031,19
404000,-83,1451721376036,22
404000,-90,1451721376070,20
404000,-93,1451721376103,8
404000,-95,1451721376137,19
404000,-83,1451721376142,22
404000,-70,1451721376171,24
404000,-92,1451721376200,20
404000,-92,1451721376205,8
404000,-97,1451721376233,19
404000,-83,1451721376237,22
404000,-69,1451721376267,24
404000,-94,1451721376303,20
404000,-91,1451721376314,8
404000,-81,1451721376339,22
404000,-69,1451721376378,24
404000,-95,1451721376403,20
404000,-91,1451721376434,8
404000,-100,1451721376436,19
404000,-81,1451721376446,22
404000,-67,1451721376471,24
404000,-92,1451721376498,20
404000,-93,1451721376514,8
404000,-83,1451721376548,22
404000,-71,1451721376580,24
404000,-92,1451721376605,20
404000,-93,1451721376631,8
404000,-93,1451721376650,19
404000,-83,1451721376673,22
404000,-71,1451721376700,24
404000,-94,1451721376733,20
404000,-93,1451721376737,8
404000,-97,1451721376763,19
404000,-82,1451721376768,22
404000,-95,1451721376809,20
404000,-92,1451721376836,8
404000,-95,1451721376867,19
404000,-84,1451721376874,22
404000,-72,1451721376905,24
404000,-94,1451721376936,20
404000,-92,1451721376941,8
404000,-83,1451721376972,22
404000,-93,1451721377014,20
404000,-92,1451721377056,8
404000,-82,1451721377088,22
404000,-93,1451721377092,19
404000,-93,1451721377119,20
404000,-72,1451721377123,24
404000,-91,1451721377153,8
404000,-95,1451721377179,19
404000,-84,1451721377184,22
404000,-91,1451721377215,20
404000,-71,1451721377236,24
404000,-92,1451721377260,8
404000,-95,1451721377286,19
404000,-85,1451721377291,22
404000,-71,1451721377328,24
404000,-91,1451721377353,8
404000,-92,1451721377395,19
404000,-86,1451721377402,22
404000,-93,1451721377429,20
404000,-72,1451721377452,24
404000,-92,1451721377455,8
404000,-93,1451721377491,19
404000,-84,1451721377514,22
404000,-93,1451721377556,8
404000,-93,1451721377593,19
404000,-83,1451721377621,22
404000,-94,1451721377638,20
404000,-73,1451721377644,24
404000,-93,1451721377668,8
404000,-83,1451721377705,22
404000,-73,1451721377757,24
404000,-92,1451721377788,8
404000,-82,1451721377823,22
404000,-94,1451721377829,19
404000,-93,1451721377858,20
404000,-91,1451721377890,8
404000,-96,1451721377929,19
404000,-82,1451721377936,22
404000,-95,1451721377958,20
404000,-74,1451721377963,24
404000,-92,1451721377991,8
404000,-97,1451721377997,1
404000,-95,1451721378025,19
404000,-82,1451721378029,22
404000,-70,1451721378071,24
404000,-92,1451721378091,8
404000,-83,1451721378137,22
404000,-94,1451721378165,20
404000,-74,1451721378191,24
404000,-93,1451721378195,8
404000,-93,1451721378226,19
404000,-83,1451721378231,22
404000,-75,1451721378290,24
404000,-84,1451721378326,8
404000,-93,1451721378338,19
404000,-78,1451721378357,22
404000,-74,1451721378391,24
404000,-98,1451721378396,20
404000,-84,1451721378424,8
404000,-78,1451721378466,22
404000,-73,1451721378486,24
404000,-96,1451721378510,20
404000,-84,1451721378515,8
404000,-93,1451721378545,19
404000,-78,1451721378574,22
404000,-74,1451721378599,24
404000,-97,1451721378606,20
404000,-84,1451721378612,8
404000,-94,1451721378662,19
404000,-78,1451721378667,22
404000,-75,1451721378695,24
404000,-82,1451721378719,8
404000,-92,1451721378755,19
404000,-78,1451721378761,22
404000,-92,1451721378859,19
404000,-78,1451721378865,22
404000,-74,1451721378914,24
404000,-84,1451721378931,8
404000,-93,1451721378964,19
404000,-73,1451721379027,24
404000,-86,1451721379065,8
404000,-92,1451721379070,19
404000,-79,1451721379100,22
404000,-73,1451721379130,24
404000,-86,1451721379161,8
404000,-93,1451721379168,19
404000,-77,1451721379205,22
404000,-95,1451721379231,20
404000,-74,1451721379237,24
404000,-86,1451721379267,8
404000,-93,1451721379271,19
404000,-78,1451721379303,22
404000,-97,1451721379333,20
404000,-74,1451721379338,24
404000,-86,1451721379372,8
404000,-93,1451721379380,19
404000,-78,1451721379407,22
404000,-97,1451721379439,20
404000,-85,1451721379469,8
404000,-91,1451721379500,19
404000,-77,1451721379531,22
404000,-73,1451721379563,24
404000,-92,1451721379599,19
404000,-78,1451721379633,22
404000,-73,1451721379665,24
404000,-86,1451721379670,8
404000,-92,1451721379702,19
404000,-78,1451721379735,22
404000,-73,1451721379768,24
404000,-82,1451721379772,8
404000,-92,1451721379798,19
404000,-78,1451721379835,22
404000,-72,1451721379870,24
404000,-86,1451721379874,8
404000,-93,1451721379900,19
404000,-78,1451721379938,22
404000,-97,1451721379965,20
404000,-73,1451721379969,24
404000,-86,1451721379988,8
404000,-92,1451721380015,19
404000,-78,1451721380056,22
404000,-73,1451721380090,24
404000,-78,1451721380134,22
404000,-97,1451721380163,20
404000,-73,1451721380183,24
404000,-82,1451721380190,8
404000,-79,1451721380256,22
404000,-73,1451721380292,24
404000,-84,1451721380316,8
404000,-92,1451721380325,19
404000,-76,1451721380358,22
404000,-98,1451721380383,20
404000,-72,1451721380405,24
404000,-82,1451721380409,8
404000,-92,1451721380434,19
404000,-72,1451721380503,24
404000,-86,1451721380507,8
404000,-92,1451721380535,19
404000,-79,1451721380574,22
404000,-96,1451721380601,20
404000,-72,1451721380616,24
404000,-91,1451721380634,19
404000,-76,1451721380664,22
404000,-72,1451721380707,24
404000,-86,1451721380732,8
404000,-92,1451721380747,19
404000,-78,1451721380767,22
404000,-97,1451721380797,20
404000,-86,1451721380820,8
404000,-72,1451721380824,24
404000,-93,1451721380855,19
404000,-76,1451721380894,22
404000,-96,1451721380922,20
404000,-85,1451721380926,8
404000,-72,1451721380930,24
404000,-93,1451721380960,19
404000,-76,1451721380996,22
404000,-96,1451721381027,20
404000,-84,1451721381031,8
404000,-72,1451721381054,24
404000,-93,1451721381063,19
404000,-79,1451721381093,22
404000,-87,1451721381126,8
404000,-72,1451721381158,24
404000,-93,1451721381191,19
404000,-79,1451721381201,22
404000,-96,1451721381221,20
404000,-86,1451721381254,8
404000,-72,1451721381259,24
404000,-91,1451721381289,19
404000,-79,1451721381326,22
404000,-96,1451721381332,20
404000,-86,1451721381355,8
404000,-72,1451721381359,24
404000,-80,1451721381403,22
404000,-101,1451721381440,20
404000,-85,1451721381446,8
404000,-72,1451721381474,24
404000,-92,1451721381482,19
404000,-76,1451721381510,22
404000,-97,1451721381539,20
404000,-84,1451721381544,8
404000,-72,1451721381572,24
404000,-91,1451721381606,19
404000,-80,1451721381639,22
404000,-97,1451721381645,20
404000,-82,1451721381673,8
404000,-72,1451721381677,24
404000,-91,1451721381708,19
404000,-79,1451721381742,22
404000,-97,1451721381752,20
404000,-87,1451721381773,8
404000,-72,1451721381778,24
404000,-91,1451721381806,19
404000,-96,1451721381840,20
404000,-86,1451721381874,8
404000,-72,1451721381879,24
404000,-92,1451721381908,19
404000,-76,1451721381948,22
404000,-86,1451721381974,8
404000,-72,1451721381978,24
404000,-93,1451721382008,19
404000,-80,1451721382055,22
404000,-87,1451721382078,8
404000,-93,1451721382120,19
404000,-80,1451721382149,22
404000,-95,1451721382176,20
404000,-86,1451721382186,8
404000,-72,1451721382190,24
404000,-91,1451721382225,19
404000,-79,1451721382276,22
404000,-86,1451721382282,8
404000,-73,1451721382308,24
404000,-92,1451721382350,19
404000,-81,1451721382376,22
404000,-86,1451721382408,8
404000,-72,1451721382413,24
404000,-95,1451721382462,20
404000,-80,1451721382494,22
404000,-101,1451721382504,9
404000,-72,1451721382515,24
404000,-87,1451721382519,8
404000,-91,1451721382561,19
404000,-97,1451721382570,20
404000,-80,1451721382597,22
404000,-73,1451721382602,24
404000,-86,1451721382606,8
404000,-96,1451721382672,20
404000,-80,1451721382676,22
404000,-87,1451721382698,8
404000,-91,1451721382762,19
404000,-97,1451721382796,20
404000,-80,1451721382801,22
404000,-100,1451721382807,9
404000,-86,1451721382829,8
404000,-73,1451721382835,24
404000,-91,1451721382863,19
404000,-95,1451721382897,20
404000,-80,1451721382904,22
404000,-87,1451721382908,8
404000,-93,1451721382980,19
404000,-96,1451721382987,20
404000,-76,1451721383012,22
404000,-88,1451721383025,8
404000,-73,1451721383033,24
404000,-91,1451721383077,19
404000,-96,1451721383094,20
404000,-76,1451721383096,22
404000,-88,1451721383112,8
404000,-74,1451721383116,24
404000,-93,1451721383175,19
404000,-98,1451721383191,20
404000,-76,1451721383208,22
404000,-74,1451721383224,24
404000,-87,1451721383226,8
404000,-76,1451721383305,22
404000,-67,1451721383323,24
404000,-77,1451721383412,22
404000,-71,1451721383435,24
404000,-86,1451721383446,8
404000,-97,1451721383498,19
404000,-77,1451721383530,22
404000,-71,1451721383547,24
404000,-77,1451721383623,22
404000,-67,1451721383650,24
404000,-84,1451721383655,8
404000,-94,1451721383714,19
404000,-77,1451721383752,22
404000,-70,1451721383758,24
404000,-82,1451721383762,8
404000,-97,1451721383815,19
404000,-77,1451721383855,22
404000,-70,1451721383861,24
404000,-84,1451721383866,8
404000,-95,1451721383919,19
404000,-70,1451721383961,24
404000,-84,1451721383974,8
404000,-95,1451721384022,19
404000,-76,1451721384044,22
404000,-68,1451721384066,24
404000,-87,1451721384070,8
404000,-94,1451721384131,19
404000,-74,1451721384150,22
404000,-67,1451721384167,24
404000,-86,1451721384195,8
404000,-75,1451721384246,22
404000,-72,1451721384272,24
404000,-84,1451721384307,8
404000,-76,1451721384348,22
404000,-70,1451721384389,24
404000,-83,1451721384394,8
404000,-76,1451721384458,22
404000,-70,1451721384484,24
404000,-83,1451721384518,8
404000,-77,1451721384568,22
404000,-69,1451721384622,24
404000,-83,1451721384632,8
404000,-96,1451721384655,19
404000,-69,1451721384692,24
404000,-85,1451721384714,8
404000,-78,1451721384767,22
404000,-87,1451721384804,8
404000,-100,1451721384854,19
404000,-78,1451721384889,22
404000,-69,1451721384927,24
404000,-87,1451721384934,8
404000,-100,1451721384960,19
404000,-78,1451721384986,22
404000,-69,1451721385003,24
404000,-87,1451721385036,8
404000,-78,1451721385075,22
404000,-69,1451721385104,24
404000,-87,1451721385139,8
404000,-77,1451721385184,22
404000,-87,1451721385227,8
404000,-79,1451721385287,22
404000,-69,1451721385345,24
404000,-86,1451721385356,8
404000,-78,1451721385404,22
404000,-68,1451721385418,24
404000,-84,1451721385452,8
404000,-80,1451721385503,22
404000,-64,1451721385522,24
404000,-87,1451721385551,8
404000,-78,1451721385611,22
404000,-64,1451721385642,24
404000,-87,1451721385673,8
404000,-78,1451721385713,22
404000,-64,1451721385743,24
404000,-87,1451721385775,8
404000,-79,1451721385826,22
404000,-64,1451721385843,24
404000,-88,1451721385871,8
404000,-78,1451721385923,22
404000,-67,1451721385945,24
404000,-88,1451721385972,8
404000,-92,1451721385998,19
404000,-78,1451721386027,22
404000,-89,1451721386079,8
404000,-79,1451721386143,22
404000,-68,1451721386161,24
404000,-88,1451721386186,8
404000,-79,1451721386232,22
404000,-68,1451721386270,24
404000,-88,1451721386328,8
404000,-77,1451721386360,22
404000,-68,1451721386387,24
404000,-89,1451721386408,8
404000,-78,1451721386441,22
404000,-64,1451721386472,24
404000,-92,1451721386518,19
404000,-78,1451721386548,22
404000,-64,1451721386595,24
404000,-87,1451721386626,8
404000,-78,1451721386649,22
404000,-68,1451721386679,24
404000,-86,1451721386712,8
404000,-77,1451721386779,22
404000,-64,1451721386785,24
404000,-87,1451721386818,8
404000,-93,1451721386851,19
404000,-77,1451721386878,22
404000,-68,1451721386883,24
404000,-85,1451721386945,8
404000,-94,1451721386951,19
404000,-78,1451721386981,22
404000,-64,1451721386986,24
404000,-88,1451721387033,8
404000,-94,1451721387063,19
404000,-78,1451721387073,22
404000,-64,1451721387111,24
404000,-87,1451721387154,8
404000,-93,1451721387159,19
404000,-78,1451721387180,22
404000,-64,1451721387212,24
404000,-87,1451721387252,8
404000,-92,1451721387257,19
404000,-78,1451721387286,22
404000,-64,1451721387314,24
404000,-86,1451721387353,8
404000,-78,1451721387387,22
404000,-64,1451721387420,24
404000,-87,1451721387456,8
404000,-95,1451721387461,19
404000,-78,1451721387524,22
404000,-64,1451721387529,24
404000,-86,1451721387559,8
404000,-79,1451721387618,22
404000,-64,1451721387623,24
404000,-85,1451721387664,8
404000,-96,1451721387700,19
404000,-76,1451721387712,22
404000,-66,1451721387750,24
404000,-79,1451721387811,22
404000,-66,1451721387832,24
404000,-85,1451721387878,8
404000,-79,1451721387925,22
404000,-66,1451721387955,24
404000,-85,1451721387987,8
404000,-98,1451721388016,19
404000,-79,1451721388034,22
404000,-64,1451721388066,24
404000,-84,1451721388108,8
404000,-96,1451721388114,19
404000,-78,1451721388141,22
404000,-66,1451721388170,24
404000,-79,1451721388252,22
404000,-70,1451721388260,24
404000,-92,1451721388300,20
404000,-78,1451721388348,22
404000,-70,1451721388363,24
404000,-93,1451721388379,20
404000,-60,1451721388454,22
404000,-49,1451721388503,24
404000,-92,1451721388508,20
404000,-94,1451721388540,8
404000,-93,1451721388545,19
404000,-78,1451721388573,22
404000,-69,1451721388579,24
404000,-92,1451721388604,20
404000,-92,1451721388636,19
404000,-94,1451721388640,8
404000,-77,1451721388676,22
404000,-69,1451721388682,24
404000,-90,1451721388704,20
404000,-93,1451721388737,8
404000,-78,1451721388770,22
404000,-93,1451721388807,20
404000,-90,1451721388830,19
404000,-92,1451721388835,8
404000,-68,1451721388907,24
404000,-93,1451721388943,19
404000,-93,1451721388971,8
404000,-77,1451721389006,22
404000,-90,1451721389011,20
404000,-68,1451721389016,24
404000,-75,1451721389081,22
404000,-92,1451721389130,20
404000,-68,1451721389148,24
404000,-93,1451721389171,19
404000,-92,1451721389175,8
404000,-75,1451721389189,22
404000,-93,1451721389219,20
404000,-70,1451721389224,24
404000,-91,1451721389244,19
404000,-92,1451721389269,8
404000,-73,1451721389293,22
404000,-72,1451721389323,24
404000,-93,1451721389326,20
404000,-92,1451721389343,19
404000,-95,1451721389375,8
404000,-76,1451721389393,22
404000,-92,1451721389422,20
404000,-91,1451721389466,19
404000,-81,1451721389504,22
404000,-93,1451721389534,20
404000,-95,1451721389569,8
404000,-81,1451721389605,22
404000,-93,1451721389623,20
404000,-72,1451721389640,24
404000,-96,1451721389678,8
404000,-82,1451721389715,22
404000,-73,1451721389740,24
404000,-93,1451721389758,19
404000,-82,1451721389816,22
404000,-67,1451721389841,24
404000,-96,1451721389874,19
404000,-95,1451721389911,8
404000,-81,1451721389945,22
404000,-94,1451721389950,20
404000,-72,1451721389954,24
404000,-95,1451721389975,19
404000,-94,1451721389992,8
404000,-84,1451721390029,22
404000,-94,1451721390048,20
404000,-73,1451721390053,24
404000,-95,1451721390076,19
404000,-92,1451721390111,8
404000,-79,1451721390145,22
404000,-93,1451721390149,20
404000,-100,1451721390154,1
404000,-73,1451721390176,24
404000,-95,1451721390181,19
404000,-92,1451721390205,8
404000,-85,1451721390230,22
404000,-94,1451721390267,20
404000,-73,1451721390270,24
404000,-96,1451721390295,19
404000,-92,1451721390327,8
404000,-95,1451721390349,20
404000,-73,1451721390377,24
404000,-96,1451721390401,19
404000,-90,1451721390427,8
404000,-95,1451721390456,20
404000,-74,1451721390477,24
404000,-94,1451721390495,19
404000,-92,1451721390534,8
404000,-82,1451721390557,22
404000,-94,1451721390575,20
404000,-74,1451721390578,24
404000,-95,1451721390594,19
404000,-90,1451721390617,8
404000,-84,1451721390652,22
404000,-99,1451721390679,20
404000,-74,1451721390685,24
404000,-95,1451721390702,19
404000,-93,1451721390726,8
404000,-84,1451721390759,22
404000,-98,1451721390776,20
404000,-73,1451721390780,24
404000,-93,1451721390807,19
404000,-91,1451721390831,8
404000,-83,1451721390867,22
404000,-96,1451721390904,20
404000,-73,1451721390913,24
404000,-94,1451721390925,19
404000,-91,1451721390952,8
404000,-95,1451721390982,20
404000,-74,1451721390988,24
404000,-91,1451721391032,8
404000,-84,1451721391105,22
404000,-74,1451721391116,24
404000,-94,1451721391122,20
404000,-94,1451721391147,19
404000,-91,1451721391151,8
404000,-83,1451721391178,22
404000,-74,1451721391198,24
404000,-95,1451721391202,20
404000,-90,1451721391248,8
404000,-74,1451721391289,24
404000,-93,1451721391323,20
404000,-93,1451721391339,19
404000,-90,1451721391363,8
404000,-79,1451721391394,22
404000,-74,1451721391397,24
404000,-94,1451721391419,20
404000,-93,1451721391422,19
404000,-91,1451721391465,8
404000,-83,1451721391513,22
404000,-74,1451721391529,24
404000,-93,1451721391625,19
404000,-93,1451721391677,8
404000,-82,1451721391700,22
404000,-72,1451721391730,24
404000,-90,1451721391732,20
404000,-93,1451721391746,19
404000,-93,1451721391785,8
404000,-82,1451721391807,22
404000,-92,1451721391842,19
404000,-94,1451721391910,8
404000,-70,1451721391915,24
404000,-82,1451721391936,22
404000,-94,1451721391970,20
404000,-92,1451721391974,19
404000,-97,1451721392004,8
404000,-82,1451721392038,22
404000,-95,1451721392051,20
404000,-94,1451721392070,19
404000,-96,1451721392106,8
404000,-73,1451721392136,24
404000,-79,1451721392146,22
404000,-92,1451721392151,20
404000,-91,1451721392173,19
404000,-95,1451721392214,8
404000,-72,1451721392220,24
404000,-79,1451721392240,22
404000,-92,1451721392264,20
404000,-93,1451721392267,19
404000,-93,1451721392301,8
404000,-72,1451721392319,24
404000,-93,1451721392346,20
404000,-82,1451721392350,22
404000,-95,1451721392370,19
404000,-94,1451721392405,8
404000,-71,1451721392439,24
404000,-80,1451721392474,22
404000,-94,1451721392478,20
404000,-95,1451721392486,19
404000,-93,1451721392538,8
404000,-71,1451721392543,24
404000,-80,1451721392574,22
404000,-92,1451721392580,20
404000,-93,1451721392606,19
404000,-67,1451721392647,24
404000,-80,1451721392674,22
404000,-94,1451721392681,20
404000,-94,1451721392709,19
404000,-94,1451721392729,8
404000,-70,1451721392755,24
404000,-80,1451721392772,22
404000,-94,1451721392777,20
404000,-94,1451721392840,8
404000,-69,1451721392878,24
404000,-76,1451721392883,22
404000,-94,1451721392906,20
404000,-93,1451721392943,8
404000,-69,1451721392972,24
404000,-79,1451721392977,22
404000,-92,1451721393006,19
404000,-93,1451721393039,8
404000,-70,1451721393064,24
404000,-93,1451721393095,20
404000,-94,1451721393124,19
404000,-94,1451721393157,8
404000,-70,1451721393192,24
404000,-79,1451721393201,22
404000,-93,1451721393207,20
404000,-97,1451721393228,9
404000,-92,1451721393235,19
404000,-87,1451721393264,8
404000,-69,1451721393293,24
404000,-76,1451721393302,22
404000,-92,1451721393327,19
404000,-88,1451721393362,8
404000,-69,1451721393399,24
404000,-96,1451721393425,20
404000,-93,1451721393462,19
404000,-88,1451721393494,8
404000,-69,1451721393501,24
404000,-80,1451721393506,22
404000,-93,1451721393533,19
404000,-87,1451721393581,8
404000,-80,1451721393613,22
404000,-92,1451721393647,19
404000,-88,1451721393678,8
404000,-69,1451721393682,24
404000,-80,1451721393714,22
404000,-92,1451721393743,19
404000,-88,1451721393776,8
404000,-69,1451721393797,24
404000,-81,1451721393826,22
404000,-92,1451721393847,19
404000,-87,1451721393884,8
404000,-69,1451721393888,24
404000,-88,1451721393993,8
404000,-69,1451721394015,24
404000,-81,1451721394024,22
404000,-92,1451721394055,19
404000,-98,1451721394080,20
404000,-88,1451721394117,8
404000,-69,1451721394121,24
404000,-76,1451721394145,22
404000,-85,1451721394199,8
404000,-70,1451721394231,24
404000,-80,1451721394242,22
404000,-92,1451721394264,19
404000,-87,1451721394304,8
404000,-70,1451721394332,24
404000,-80,1451721394369,22
404000,-92,1451721394373,19
404000,-88,1451721394410,8
404000,-67,1451721394434,24
404000,-76,1451721394468,22
404000,-93,1451721394497,19
404000,-88,1451721394530,8
404000,-67,1451721394535,24
404000,-79,1451721394570,22
404000,-87,1451721394624,8
404000,-67,1451721394648,24
404000,-80,1451721394681,22
404000,-92,1451721394685,19
404000,-88,1451721394754,8
404000,-79,1451721394769,22
404000,-86,1451721394840,8
404000,-67,1451721394867,24
404000,-93,1451721394912,19
404000,-85,1451721394967,8
404000,-72,1451721394977,24
404000,-79,1451721394995,22
404000,-93,1451721395005,19
404000,-98,1451721395009,20
404000,-86,1451721395047,8
404000,-71,1451721395061,24
404000,-79,1451721395065,22
404000,-93,1451721395094,19
404000,-96,1451721395110,20
404000,-86,1451721395150,8
404000,-72,1451721395162,24
404000,-78,1451721395179,22
404000,-93,1451721395197,19
404000,-96,1451721395214,20
404000,-86,1451721395260,8
404000,-74,1451721395264,24
404000,-76,1451721395286,22
404000,-91,1451721395319,19
404000,-97,1451721395324,20
404000,-86,1451721395361,8
404000,-75,1451721395368,24
404000,-80,1451721395386,22
404000,-91,1451721395427,19
404000,-97,1451721395431,20
404000,-75,1451721395466,24
404000,-87,1451721395472,8
404000,-79,1451721395493,22
404000,-94,1451721395519,19
404000,-75,1451721395569,24
404000,-78,1451721395607,22
404000,-87,1451721395611,8
404000,-94,1451721395639,19
404000,-78,1451721395673,24
404000,-78,1451721395697,22
404000,-86,1451721395700,8
404000,-93,1451721395725,19
404000,-94,1451721395746,20
404000,-76,1451721395784,22
404000,-92,1451721395832,19
404000,-95,1451721395854,20
404000,-77,1451721395897,22
404000,-99,1451721395973,20
404000,-79,1451721396013,22
404000,-91,1451721396050,19
404000,-88,1451721396114,8
404000,-78,1451721396117,22
404000,-92,1451721396150,19
404000,-87,1451721396211,8
404000,-79,1451721396214,22
404000,-73,1451721396217,24
404000,-94,1451721396255,19
404000,-88,1451721396298,8
404000,-73,1451721396331,24
404000,-81,1451721396335,22
404000,-85,1451721396400,8
404000,-84,1451721396503,8
404000,-98,1451721396571,19
404000,-84,1451721396611,8
404000,-97,1451721396789,19
404000,-85,1451721396824,8
404000,-81,1451721396832,22
404000,-72,1451721396860,24
404000,-97,1451721396893,19
404000,-99,1451721396898,20
404000,-80,1451721396934,22
404000,-97,1451721397000,20
404000,-84,1451721397033,8
404000,-79,1451721397062,22
404000,-72,1451721397067,24
404000,-97,1451721397097,19
404000,-83,1451721397137,8
404000,-76,1451721397161,22
404000,-72,1451721397166,24
404000,-97,1451721397195,20
404000,-97,1451721397229,19
404000,-83,1451721397262,8
404000,-79,1451721397273,22
404000,-71,1451721397278,24
404000,-76,1451721397356,22
404000,-72,1451721397379,24
404000,-98,1451721397410,20
404000,-80,1451721397460,22
404000,-71,1451721397493,24
404000,-97,1451721397501,20
404000,-97,1451721397529,19
404000,-85,1451721397568,8
404000,-79,1451721397598,22
404000,-71,1451721397604,24
404000,-95,1451721397632,19
404000,-83,1451721397663,8
404000,-79,1451721397672,22
404000,-72,1451721397695,24
404000,-95,1451721397735,19
404000,-84,1451721397766,8
404000,-79,1451721397795,22
404000,-72,1451721397805,24
404000,-94,1451721397837,20
404000,-94,1451721397865,19
404000,-84,1451721397878,8
404000,-79,1451721397897,22
404000,-72,1451721397907,24
404000,-95,1451721397930,20
404000,-93,1451721397962,19
404000,-83,1451721397980,8
404000,-79,1451721397987,22
404000,-71,1451721398012,24
404000,-100,1451721398030,20
404000,-95,1451721398062,19
404000,-84,1451721398080,8
404000,-78,1451721398113,22
404000,-72,1451721398121,24
404000,-97,1451721398139,20
404000,-95,1451721398163,19
404000,-84,1451721398193,8
404000,-79,1451721398215,22
404000,-71,1451721398223,24
404000,-97,1451721398248,20
404000,-96,1451721398281,19
404000,-76,1451721398315,22
404000,-84,1451721398320,8
404000,-70,1451721398324,24
404000,-85,1451721398410,8
404000,-76,1451721398418,22
404000,-67,1451721398443,24
404000,-85,1451721398504,8
404000,-70,1451721398527,24
404000,-96,1451721398577,19
404000,-83,1451721398605,8
404000,-75,1451721398633,22
404000,-70,1451721398640,24
404000,-84,1451721398727,8
404000,-76,1451721398738,22
404000,-70,1451721398764,24
404000,-95,1451721398785,19
404000,-86,1451721398824,8
404000,-75,1451721398829,22
404000,-70,1451721398850,24
404000,-96,1451721398890,19
404000,-84,1451721398923,8
404000,-76,1451721398929,22
404000,-67,1451721398958,24
404000,-94,1451721398991,19
404000,-84,1451721399019,8
404000,-76,1451721399025,22
404000,-71,1451721399062,24
404000,-83,1451721399118,8
404000,-76,1451721399134,22
404000,-70,1451721399178,24
404000,-94,1451721399196,19
404000,-84,1451721399224,8
404000,-75,1451721399249,22
404000,-84,1451721399333,8
404000,-76,1451721399337,22
404000,-70,1451721399370,24
404000,-100,1451721399400,19
404000,-84,1451721399427,8
404000,-76,1451721399458,22
404000,-70,1451721399493,24
404000,-83,1451721399531,8
404000,-76,1451721399553,22
404000,-70,1451721399575,24
404000,-84,1451721399641,8
404000,-76,1451721399695,22
404000,-70,1451721399704,24
404000,-83,1451721399747,8
404000,-76,1451721399770,22
404000,-70,1451721399788,24
404000,-84,1451721399846,8
404000,-75,1451721399871,22
404000,-70,1451721399888,24
404000,-85,1451721399954,8
404000,-75,1451721399998,22
404000,-69,1451721400011,24
404000,-84,1451721400059,8
404000,-76,1451721400091,22
404000,-70,1451721400122,24
404000,-85,1451721400160,8
404000,-75,1451721400190,22
404000,-70,1451721400226,24
404000,-84,1451721400270,8
404000,-76,1451721400313,22
404000,-70,1451721400318,24
404000,-84,1451721400368,8
404000,-75,1451721400391,22
404000,-70,1451721400425,24
404000,-85,1451721400492,8
404000,-77,1451721400496,22
404000,-70,1451721400536,24
404000,-76,1451721400588,22
404000,-70,1451721400619,24
404000,-82,1451721400683,8
404000,-76,1451721400710,22
404000,-70,1451721400754,24
404000,-83,1451721400790,8
404000,-75,1451721400831,22
404000,-70,1451721400838,24
404000,-85,1451721400891,8
404000,-76,1451721400911,22
404000,-67,1451721400944,24
404000,-84,1451721400993,8
404000,-76,1451721401014,22
404000,-71,1451721401045,24
404000,-84,1451721401099,8
404000,-71,1451721401178,24
404000,-84,1451721401216,8
404000,-76,1451721401224,22
404000,-70,1451721401252,24
404000,-98,1451721401316,19
404000,-85,1451721401322,8
404000,-75,1451721401348,22
404000,-67,1451721401359,24
404000,-83,1451721401416,8
404000,-76,1451721401447,22
404000,-67,1451721401457,24
404000,-85,1451721401522,8
404000,-76,1451721401568,22
404000,-70,1451721401582,24
404000,-85,1451721401629,8
404000,-75,1451721401647,22
404000,-71,1451721401661,24
404000,-86,1451721401735,8
404000,-75,1451721401761,22
404000,-67,1451721401780,24
404000,-71,1451721401878,24
404000,-85,1451721401974,8
404000,-75,1451721401980,22
404000,-71,1451721402007,24
404000,-82,1451721402049,8
404000,-75,1451721402083,22
404000,-71,1451721402119,24
404000,-86,1451721402153,8
404000,-76,1451721402184,22
404000,-71,1451721402218,24
404000,-76,1451721402278,22
404000,-71,1451721402331,24
404000,-82,1451721402384,8
404000,-76,1451721402394,22
404000,-71,1451721402421,24
404000,-82,1451721402459,8
404000,-77,1451721402488,22
404000,-71,1451721402517,24
404000,-85,1451721402559,8
404000,-76,1451721402595,22
404000,-71,1451721402624,24
404000,-75,1451721402696,22
404000,-67,1451721402726,24
404000,-99,1451721402772,19
404000,-82,1451721402777,8
404000,-77,1451721402805,22
404000,-67,1451721402831,24
404000,-96,1451721402877,19
404000,-84,1451721402882,8
404000,-76,1451721402905,22
404000,-67,1451721402939,24
404000,-96,1451721402979,19
404000,-76,1451721403014,22
404000,-71,1451721403041,24
404000,-84,1451721403103,8
404000,-76,1451721403110,22
404000,-84,1451721403190,8
404000,-76,1451721403223,22
404000,-73,1451721403257,24
404000,-100,1451721403293,9
404000,-94,1451721403302,8
404000,-93,1451721403321,20
404000,-81,1451721403325,22
404000,-73,1451721403366,24
404000,-96,1451721403397,19
404000,-95,1451721403417,8
404000,-52,1451721403459,24
404000,-99,1451721403490,9
404000,-96,1451721403524,19
404000,-91,1451721403530,8
404000,-93,1451721403534,20
404000,-80,1451721403537,22
404000,-72,1451721403590,24
404000,-96,1451721403631,19
404000,-93,1451721403637,8
404000,-92,1451721403640,20
404000,-81,1451721403660,22
404000,-72,1451721403692,24
404000,-95,1451721403731,19
404000,-93,1451721403739,8
404000,-92,1451721403745,20
404000,-80,1451721403763,22
404000,-73,1451721403795,24
404000,-93,1451721403824,8
404000,-90,1451721403861,20
404000,-80,1451721403866,22
404000,-73,1451721403892,24
404000,-92,1451721403960,20
404000,-81,1451721403966,22
404000,-73,1451721403993,24
404000,-94,1451721404032,8
404000,-80,1451721404063,22
404000,-72,1451721404094,24
404000,-95,1451721404128,19
404000,-92,1451721404160,8
404000,-91,1451721404167,20
404000,-80,1451721404172,22
404000,-73,1451721404200,24
404000,-94,1451721404231,19
404000,-93,1451721404268,8
404000,-92,1451721404272,20
404000,-81,1451721404276,22
404000,-73,1451721404295,24
404000,-93,1451721404351,8
404000,-93,1451721404359,20
404000,-81,1451721404401,22
404000,-74,1451721404404,24
404000,-94,1451721404451,8
404000,-92,1451721404476,20
404000,-82,1451721404480,22
404000,-74,1451721404503,24
404000,-93,1451721404559,8
404000,-95,1451721404572,20
404000,-74,1451721404612,24
404000,-96,1451721404655,19
404000,-92,1451721404683,20
404000,-83,1451721404699,22
404000,-74,1451721404715,24
404000,-96,1451721404751,19
404000,-94,1451721404776,8
404000,-93,1451721404779,20
404000,-82,1451721404793,22
404000,-74,1451721404819,24
404000,-94,1451721404866,8
404000,-90,1451721404904,20
404000,-81,1451721404909,22
404000,-74,1451721404935,24
404000,-97,1451721404962,19
404000,-94,1451721404979,8
404000,-93,1451721404991,20
404000,-81,1451721404996,22
404000,-70,1451721405050,24
404000,-98,1451721405082,19
404000,-93,1451721405092,8
404000,-81,1451721405113,22
404000,-89,1451721405120,20
404000,-70,1451721405149,24
404000,-96,1451721405180,19
404000,-95,1451721405201,8
404000,-81,1451721405206,22
404000,-90,1451721405210,20
404000,-73,1451721405264,24
404000,-93,1451721405292,8
404000,-82,1451721405314,22
404000,-91,1451721405321,20
404000,-70,1451721405356,24
404000,-95,1451721405382,19
404000,-93,1451721405419,8
404000,-82,1451721405424,22
404000,-93,1451721405431,20
404000,-74,1451721405484,24
404000,-96,1451721405491,19
404000,-93,1451721405522,8
404000,-76,1451721405527,22
404000,-74,1451721405582,24
404000,-96,1451721405620,19
404000,-93,1451721405625,8
404000,-81,1451721405629,22
404000,-92,1451721405633,20
404000,-70,1451721405692,24
404000,-95,1451721405717,8
404000,-92,1451721405725,20
404000,-82,1451721405753,22
404000,-70,1451721405791,24
404000,-97,1451721405810,19
404000,-93,1451721405830,20
404000,-94,1451721405832,8
404000,-83,1451721405834,22
404000,-92,1451721405925,20
404000,-82,1451721405945,22
404000,-74,1451721405993,24
404000,-95,1451721406018,19
404000,-82,1451721406050,22
404000,-93,1451721406054,20
404000,-92,1451721406057,8
404000,-74,1451721406101,24
404000,-81,1451721406133,22
404000,-93,1451721406153,8
404000,-74,1451721406207,24
404000,-95,1451721406247,8
404000,-73,1451721406310,24
404000,-97,1451721406315,19
404000,-81,1451721406342,22
404000,-94,1451721406369,8
404000,-91,1451721406374,20
404000,-73,1451721406424,24
404000,-96,1451721406429,19
404000,-82,1451721406454,22
404000,-93,1451721406488,8
404000,-92,1451721406493,20
404000,-73,1451721406530,24
404000,-95,1451721406554,19
404000,-81,1451721406563,22
404000,-93,1451721406587,8
404000,-73,1451721406624,24
404000,-93,1451721406629,19
404000,-81,1451721406659,22
404000,-94,1451721406689,8
404000,-73,1451721406738,24
404000,-93,1451721406752,19
404000,-81,1451721406760,22
404000,-94,1451721406796,20
404000,-92,1451721406801,8
404000,-93,1451721406836,19
404000,-79,1451721406851,22
404000,-93,1451721406888,8
404000,-94,1451721406892,20
404000,-93,1451721406940,19
404000,-70,1451721406957,24
404000,-82,1451721406961,22
404000,-94,1451721406991,20
404000,-94,1451721406993,8
404000,-95,1451721407063,19
404000,-76,1451721407068,24
404000,-76,1451721407071,22
404000,-95,1451721407097,8
404000,-94,1451721407102,20
404000,-92,1451721407152,19
404000,-71,1451721407157,24
404000,-77,1451721407178,22
404000,-96,1451721407212,20
404000,-95,1451721407217,8
404000,-73,1451721407256,24
404000,-95,1451721407294,19
404000,-78,1451721407300,22
404000,-93,1451721407329,20
404000,-72,1451721407363,24
404000,-77,1451721407385,22
404000,-94,1451721407390,19
404000,-93,1451721407408,20
404000,-94,1451721407418,8
404000,-69,1451721407465,24
404000,-77,1451721407485,22
404000,-94,1451721407487,19
404000,-77,1451721407566,24
404000,-76,1451721407585,22
404000,-92,1451721407624,8
404000,-77,1451721407676,24
404000,-75,1451721407686,22
404000,-95,1451721407711,19
404000,-92,1451721407724,20
404000,-93,1451721407728,8
404000,-96,1451721407791,19
404000,-93,1451721407845,20
404000,-92,1451721407850,8
404000,-70,1451721407892,24
404000,-94,1451721407931,20
404000,-91,1451721407960,8
404000,-71,1451721407996,24
404000,-77,1451721408005,22
404000,-92,1451721408034,20
404000,-93,1451721408063,8
404000,-67,1451721408096,24
404000,-98,1451721408109,19
404000,-77,1451721408139,22
404000,-95,1451721408147,20
404000,-93,1451721408165,8
404000,-73,1451721408200,24
404000,-76,1451721408228,22
404000,-90,1451721408234,19
404000,-94,1451721408261,20
404000,-69,1451721408317,24
404000,-80,1451721408321,22
404000,-93,1451721408325,19
404000,-94,1451721408347,20
404000,-91,1451721408379,8
404000,-73,1451721408436,24
404000,-79,1451721408441,22
404000,-91,1451721408446,19
404000,-98,1451721408474,20
404000,-71,1451721408531,24
404000,-73,1451721408535,22
404000,-92,1451721408539,19
404000,-95,1451721408563,20
404000,-90,1451721408581,8
404000,-71,1451721408614,24
404000,-76,1451721408647,22
404000,-96,1451721408681,20
404000,-88,1451721408687,8
404000,-70,1451721408717,24
404000,-92,1451721408749,19
404000,-77,1451721408755,22
404000,-93,1451721408784,20
404000,-89,1451721408815,8
404000,-91,1451721408852,19
404000,-96,1451721408881,20
404000,-89,1451721408899,8
404000,-71,1451721408933,24
404000,-92,1451721408969,19
404000,-78,1451721408973,22
404000,-89,1451721409002,8
404000,-71,1451721409033,24
404000,-92,1451721409075,19
404000,-78,1451721409078,22
404000,-95,1451721409103,20
404000,-88,1451721409140,8
404000,-72,1451721409149,24
404000,-92,1451721409174,19
404000,-78,1451721409179,22
404000,-94,1451721409204,20
404000,-87,1451721409233,8
404000,-71,1451721409251,24
404000,-92,1451721409283,19
404000,-78,1451721409287,22
404000,-88,1451721409326,8
404000,-72,1451721409358,24
404000,-79,1451721409386,22
404000,-92,1451721409392,19
404000,-95,1451721409420,20
404000,-88,1451721409454,8
404000,-72,1451721409459,24
404000,-79,1451721409485,22
404000,-96,1451721409518,20
404000,-71,1451721409563,24
404000,-79,1451721409588,22
404000,-92,1451721409593,19
404000,-95,1451721409622,20
404000,-88,1451721409664,8
404000,-92,1451721409701,19
404000,-79,1451721409703,22
404000,-93,1451721409713,20
404000,-88,1451721409736,8
404000,-71,1451721409782,24
404000,-76,1451721409786,22
404000,-93,1451721409809,20
404000,-89,1451721409842,8
404000,-71,1451721409880,24
404000,-91,1451721409906,19
404000,-79,1451721409911,22
404000,-91,1451721409941,20
404000,-89,1451721409976,8
404000,-67,1451721409980,24
404000,-91,1451721410008,19
404000,-76,1451721410013,22
404000,-99,1451721410042,20
404000,-88,1451721410070,8
404000,-71,1451721410092,24
404000,-80,1451721410124,22
404000,-92,1451721410128,19
404000,-71,1451721410188,24
404000,-80,1451721410206,22
404000,-90,1451721410210,19
404000,-87,1451721410262,8
404000,-71,1451721410290,24
404000,-81,1451721410322,22
404000,-92,1451721410331,19
404000,-95,1451721410357,20
404000,-87,1451721410391,8
404000,-71,1451721410425,24
404000,-81,1451721410430,22
404000,-91,1451721410433,19
404000,-97,1451721410459,20
404000,-88,1451721410491,8
404000,-71,1451721410526,24
404000,-80,1451721410530,22
404000,-91,1451721410534,19
404000,-87,1451721410577,8
404000,-71,1451721410614,24
404000,-81,1451721410623,22
404000,-97,1451721410648,20
404000,-87,1451721410675,8
404000,-71,1451721410716,24
404000,-81,1451721410741,22
404000,-92,1451721410745,19
404000,-100,1451721410774,20
404000,-88,1451721410793,8
404000,-99,1451721410803,9
404000,-80,1451721410828,22
404000,-93,1451721410860,19
404000,-88,1451721410893,8
404000,-72,1451721410926,24
404000,-81,1451721410959,22
404000,-91,1451721410964,19
404000,-87,1451721410992,8
404000,-71,1451721411043,24
404000,-81,1451721411047,22
404000,-92,1451721411076,19
404000,-97,1451721411082,20
404000,-87,1451721411111,8
404000,-72,1451721411143,24
404000,-80,1451721411152,22
404000,-93,1451721411179,19
404000,-97,1451721411183,20
404000,-87,1451721411211,8
404000,-71,1451721411247,24
404000,-80,1451721411267,22
404000,-92,1451721411272,19
404000,-97,1451721411295,20
404000,-88,1451721411299,8
404000,-72,1451721411363,24
404000,-81,1451721411368,22
404000,-96,1451721411394,20
404000,-101,1451721411402,1
404000,-88,1451721411406,8
404000,-72,1451721411471,24
404000,-80,1451721411475,22
404000,-91,1451721411480,19
404000,-96,1451721411496,20
404000,-88,1451721411531,8
404000,-71,1451721411565,24
404000,-80,1451721411584,22
404000,-92,1451721411588,19
404000,-98,1451721411593,20
404000,-87,1451721411621,8
404000,-71,1451721411656,24
404000,-81,1451721411673,22
404000,-92,1451721411688,19
404000,-87,1451721411710,8
404000,-71,1451721411761,24
404000,-80,1451721411777,22
404000,-91,1451721411793,19
404000,-96,1451721411796,20
404000,-87,1451721411813,8
404000,-71,1451721411864,24
404000,-93,1451721411893,19
404000,-80,1451721411896,22
404000,-86,1451721411914,8
404000,-72,1451721411965,24
404000,-92,1451721411993,19
404000,-80,1451721411997,22
404000,-96,1451721412019,20
404000,-88,1451721412046,8
404000,-72,1451721412083,24
404000,-95,1451721412115,20
404000,-87,1451721412149,8
404000,-71,1451721412184,24
404000,-92,1451721412198,19
404000,-76,1451721412217,22
404000,-85,1451721412251,8
404000,-71,1451721412319,24
404000,-91,1451721412323,19
404000,-80,1451721412327,22
404000,-67,1451721412391,24
404000,-78,1451721412431,22
404000,-88,1451721412440,8
404000,-101,1451721412503,9
404000,-71,1451721412510,24
404000,-92,1451721412514,19
404000,-79,1451721412518,22
404000,-95,1451721412534,20
404000,-87,1451721412556,8
404000,-71,1451721412602,24
404000,-91,1451721412612,19
404000,-76,1451721412634,22
404000,-96,1451721412639,20
404000,-87,1451721412679,8
404000,-99,1451721412709,9
404000,-72,1451721412714,24
404000,-97,1451721412735,20
404000,-87,1451721412767,8
404000,-71,1451721412833,24
404000,-79,1451721412839,22
404000,-92,1451721412843,19
404000,-88,1451721412872,8
404000,-71,1451721412934,24
404000,-78,1451721412943,22
404000,-93,1451721412947,19
404000,-72,1451721413008,24
404000,-91,1451721413046,19
404000,-96,1451721413055,20
404000,-87,1451721413073,8
404000,-71,1451721413137,24
404000,-80,1451721413141,22
404000,-91,1451721413145,19
404000,-88,1451721413174,8
404000,-71,1451721413220,24
404000,-76,1451721413252,22
404000,-84,1451721413274,8
404000,-70,1451721413319,24
404000,-79,1451721413352,22
404000,-70,1451721413426,24
404000,-85,1451721413497,8
404000,-71,1451721413530,24
404000,-79,1451721413558,22
404000,-84,1451721413623,8
404000,-69,1451721413654,24
404000,-79,1451721413688,22
404000,-83,1451721413711,8
404000,-71,1451721413741,24
404000,-79,1451721413778,22
404000,-84,1451721413808,8
404000,-69,1451721413842,24
404000,-79,1451721413876,22
404000,-84,1451721413911,8
404000,-70,1451721413953,24
404000,-79,1451721413974,22
404000,-84,1451721414015,8
404000,-70,1451721414046,24
404000,-78,1451721414075,22
404000,-84,1451721414120,8
404000,-70,1451721414176,24
404000,-79,1451721414226,22
404000,-84,1451721414248,8
404000,-70,1451721414267,24
404000,-79,1451721414291,22
404000,-84,1451721414363,8
404000,-70,1451721414375,24
404000,-77,1451721414394,22
404000,-84,1451721414439,8
404000,-71,1451721414470,24
404000,-78,1451721414499,22
404000,-86,1451721414541,8
404000,-70,1451721414570,24
404000,-77,1451721414601,22
404000,-70,1451721414682,24
404000,-79,1451721414744,22
404000,-86,1451721414772,8
404000,-70,1451721414791,24
404000,-86,1451721414812,22
404000,-87,1451721414850,8
404000,-69,1451721414911,24
404000,-79,1451721414917,22
404000,-89,1451721414953,8
404000,-68,1451721414996,24
404000,-80,1451721415023,22
404000,-87,1451721415060,8
404000,-69,1451721415100,24
404000,-85,1451721415122,22
404000,-86,1451721415165,8
404000,-67,1451721415200,24
404000,-88,1451721415272,8
404000,-64,1451721415311,24
404000,-76,1451721415356,22
404000,-88,1451721415380,8
404000,-66,1451721415413,24
404000,-80,1451721415446,22
404000,-86,1451721415496,8
404000,-68,1451721415517,24
404000,-73,1451721415547,22
404000,-89,1451721415587,8
404000,-64,1451721415625,24
404000,-77,1451721415654,22
404000,-79,1451721415693,8
404000,-68,1451721415730,24
404000,-78,1451721415769,22
404000,-86,1451721415814,8
404000,-69,1451721415836,24
404000,-78,1451721415865,22
404000,-83,1451721415907,8
404000,-82,1451721415961,22
404000,-83,1451721416010,8
404000,-71,1451721416055,24
404000,-77,1451721416090,22
404000,-87,1451721416148,8
404000,-72,1451721416161,24
404000,-88,1451721416222,8
404000,-80,1451721416273,22
404000,-90,1451721416356,8
404000,-76,1451721416391,22
404000,-69,1451721416396,24
404000,-87,1451721416430,8
404000,-87,1451721416475,22
404000,-69,1451721416481,24
404000,-86,1451721416532,8
404000,-89,1451721416580,22
404000,-70,1451721416622,24
404000,-85,1451721416658,8
404000,-88,1451721416702,22
404000,-70,1451721416708,24
404000,-87,1451721416742,8
404000,-89,1451721416803,22
404000,-69,1451721416807,24
404000,-86,1451721416870,8
404000,-88,1451721416910,22
404000,-70,1451721416915,24
404000,-88,1451721416945,8
404000,-87,1451721417000,22
404000,-70,1451721417020,24
404000,-85,1451721417054,8
404000,-87,1451721417113,22
404000,-70,1451721417156,24
404000,-87,1451721417184,8
404000,-70,1451721417231,24
404000,-88,1451721417258,8
404000,-85,1451721417318,22
404000,-70,1451721417345,24
404000,-86,1451721417399,8
404000,-99,1451721417409,1
404000,-84,1451721417426,22
404000,-70,1451721417449,24
404000,-87,1451721417468,8
404000,-83,1451721417527,22
404000,-70,1451721417553,24
404000,-88,1451721417571,8
404000,-83,1451721417635,22
404000,-67,1451721417654,24
404000,-87,1451721417671,8
404000,-82,1451721417744,22
404000,-70,1451721417771,24
404000,-88,1451721417775,8
404000,-81,1451721417849,22
404000,-67,1451721417893,24
404000,-87,1451721417898,8
404000,-80,1451721417951,22
404000,-70,1451721417984,24
404000,-88,1451721418009,8
404000,-80,1451721418053,22
404000,-70,1451721418103,24
404000,-88,1451721418108,8
404000,-79,1451721418164,22
404000,-70,1451721418192,24
404000,-88,1451721418208,8
404000,-76,1451721418277,22
404000,-70,1451721418282,24
404000,-96,1451721418311,20
404000,-97,1451721418320,19
404000,-67,1451721418375,24
404000,-76,1451721418380,22
404000,-93,1451721418402,20
404000,-93,1451721418530,19
404000,-95,1451721418543,8
404000,-76,1451721418627,22
404000,-69,1451721418651,24
404000,-93,1451721418653,20
404000,-75,1451721418695,22
404000,-70,1451721418700,24
404000,-96,1451721418743,19
404000,-95,1451721418746,8
404000,-75,1451721418801,22
404000,-94,1451721418825,20
404000,-97,1451721418842,19
404000,-76,1451721418917,22
404000,-94,1451721418921,20
404000,-94,1451721418949,19
404000,-70,1451721419013,24
404000,-75,1451721419027,22
404000,-94,1451721419031,20
404000,-93,1451721419069,19
404000,-93,1451721419071,8
404000,-76,1451721419117,22
404000,-70,1451721419120,24
404000,-93,1451721419145,20
404000,-97,1451721419147,19
404000,-93,1451721419161,8
404000,-76,1451721419221,22
404000,-93,1451721419244,20
404000,-97,1451721419262,19
404000,-92,1451721419265,8
404000,-70,1451721419326,24
404000,-92,1451721419366,8
404000,-71,1451721419470,24
404000,-77,1451721419480,22
404000,-93,1451721419481,20
404000,-97,1451721419483,19
404000,-93,1451721419490,8
404000,-72,1451721419531,24
404000,-76,1451721419546,22
404000,-93,1451721419576,8
404000,-71,1451721419631,24
404000,-76,1451721419647,22
404000,-93,1451721419684,8
404000,-71,1451721419734,24
404000,-77,1451721419752,22
404000,-94,1451721419755,20
404000,-71,1451721419841,24
404000,-77,1451721419892,22
404000,-94,1451721419902,20
404000,-93,1451721419908,8
404000,-67,1451721419943,24
404000,-93,1451721419964,20
404000,-96,1451721419991,8
404000,-71,1451721420052,24
404000,-73,1451721420079,22
404000,-95,1451721420100,8
404000,-71,1451721420147,24
404000,-94,1451721420169,20
404000,-76,1451721420172,22
404000,-96,1451721420200,8
404000,-67,1451721420248,24
404000,-93,1451721420273,20
404000,-76,1451721420289,22
404000,-94,1451721420319,8
404000,-71,1451721420363,24
404000,-94,1451721420409,20
404000,-76,1451721420414,22
404000,-92,1451721420418,8
404000,-71,1451721420460,24
404000,-94,1451721420491,20
404000,-76,1451721420496,22
404000,-92,1451721420522,8
404000,-99,1451721420528,19
404000,-71,1451721420570,24
404000,-95,1451721420619,20
404000,-76,1451721420624,22
404000,-91,1451721420644,8
404000,-71,1451721420704,24
404000,-95,1451721420709,20
404000,-76,1451721420713,22
404000,-91,1451721420738,8
404000,-72,1451721420775,24
404000,-96,1451721420809,20
404000,-76,1451721420813,22
404000,-91,1451721420838,8
404000,-71,1451721420892,24
404000,-76,1451721420923,22
404000,-91,1451721420960,8
404000,-71,1451721420995,24
404000,-77,1451721421024,22
404000,-97,1451721421065,19
404000,-93,1451721421073,8
404000,-74,1451721421099,24
404000,-77,1451721421120,22
404000,-97,1451721421142,19
404000,-71,1451721421191,24
404000,-77,1451721421223,22
404000,-95,1451721421251,8
404000,-71,1451721421296,24
404000,-92,1451721421327,20
404000,-75,1451721421331,22
404000,-95,1451721421357,8
404000,-71,1451721421426,24
404000,-77,1451721421430,22
404000,-96,1451721421460,8
404000,-93,1451721421466,19
404000,-70,1451721421507,24
404000,-75,1451721421549,22
404000,-100,1451721421585,19
404000,-74,1451721421617,24
404000,-80,1451721421642,22
404000,-89,1451721421685,19
404000,-93,1451721421691,8
404000,-73,1451721421719,24
404000,-78,1451721421744,22
404000,-91,1451721421750,20
404000,-90,1451721421774,8
404000,-76,1451721421825,24
404000,-76,1451721421840,22
404000,-89,1451721421844,20
404000,-93,1451721421868,19
404000,-73,1451721421927,24
404000,-82,1451721421941,22
404000,-94,1451721421987,8
404000,-75,1451721422036,24
404000,-94,1451721422063,20
404000,-81,1451721422069,22
404000,-94,1451721422096,19
404000,-89,1451721422100,8
404000,-76,1451721422141,24
404000,-92,1451721422161,20
404000,-83,1451721422165,22
404000,-96,1451721422170,9
404000,-91,1451721422194,19
404000,-97,1451721422211,1
404000,-82,1451721422253,24
404000,-96,1451721422260,20
404000,-82,1451721422280,22
404000,-97,1451721422288,9
404000,-90,1451721422292,19
404000,-95,1451721422358,20
404000,-74,1451721422379,22
404000,-90,1451721422396,19
404000,-98,1451721422407,1
404000,-92,1451721422461,20
404000,-76,1451721422468,24
404000,-80,1451721422514,22
404000,-96,1451721422520,19
404000,-87,1451721422526,8
404000,-75,1451721422580,24
404000,-86,1451721422583,22
404000,-92,1451721422598,19
404000,-92,1451721422629,8
404000,-92,1451721422682,20
404000,-99,1451721422687,9
404000,-83,1451721422691,22
404000,-93,1451721422720,19
404000,-91,1451721422725,8
404000,-91,1451721422785,20
404000,-79,1451721422816,22
404000,-93,1451721422820,19
404000,-88,1451721422851,8
404000,-100,1451721422862,1
404000,-92,1451721422892,20
404000,-76,1451721422916,22
404000,-93,1451721422949,19
404000,-99,1451721422954,1
404000,-93,1451721422995,20
404000,-74,1451721423018,22
404000,-83,1451721423025,24
404000,-92,1451721423050,19
404000,-98,1451721423055,1
404000,-87,1451721423059,8
404000,-94,1451721423106,20
404000,-72,1451721423109,22
404000,-90,1451721423128,24
404000,-91,1451721423131,19
404000,-84,1451721423146,8
404000,-94,1451721423208,20
404000,-72,1451721423212,22
404000,-87,1451721423231,24
404000,-91,1451721423241,19
